{"v":"4.8.0","meta":{"g":"LottieFiles AE 3.3.6","a":"","k":"","d":"","tc":""},"fr":29.9700012207031,"ip":0,"op":67.0000027289659,"w":1920,"h":1080,"nm":"Comp 1","ddd":0,"assets":[],"layers":[{"ddd":0,"ind":1,"ty":4,"nm":"sade face","sr":1,"ks":{"o":{"a":1,"k":[{"i":{"x":[0.5],"y":[1]},"o":{"x":[0.502],"y":[0]},"t":3,"s":[100]},{"i":{"x":[0],"y":[1]},"o":{"x":[1],"y":[0]},"t":30,"s":[0]},{"i":{"x":[0.49],"y":[1]},"o":{"x":[0.505],"y":[0]},"t":36,"s":[0]},{"t":63.0000025660426,"s":[100]}],"ix":11},"r":{"a":1,"k":[{"i":{"x":[0.5],"y":[1]},"o":{"x":[0.502],"y":[0]},"t":3,"s":[0]},{"i":{"x":[0],"y":[1]},"o":{"x":[1],"y":[0]},"t":30,"s":[360]},{"i":{"x":[0.49],"y":[1]},"o":{"x":[0.505],"y":[0]},"t":36,"s":[360]},{"t":63.0000025660426,"s":[0]}],"ix":10},"p":{"a":1,"k":[{"i":{"x":0.5,"y":1},"o":{"x":0.502,"y":0},"t":3,"s":[464.733,540.233,0],"to":[164.833,0,0],"ti":[-164.833,0,0]},{"i":{"x":0,"y":0},"o":{"x":1,"y":1},"t":30,"s":[1453.733,540.233,0],"to":[0,0,0],"ti":[0,0,0]},{"i":{"x":0.49,"y":1},"o":{"x":0.505,"y":0},"t":36,"s":[1453.733,540.233,0],"to":[-164.833,0,0],"ti":[164.833,0,0]},{"t":63.0000025660426,"s":[464.733,540.233,0]}],"ix":2},"a":{"a":0,"k":[-494.267,0.233,0],"ix":1},"s":{"a":0,"k":[100,100,100],"ix":6}},"ao":0,"shapes":[{"ty":"gr","it":[{"ty":"gr","it":[{"ind":0,"ty":"sh","ix":1,"ks":{"a":0,"k":{"i":[[-6.529,-1.602],[0,0],[-1.603,6.528],[0,0],[6.528,1.602],[0,0],[1.603,-6.529],[0,0]],"o":[[0,0],[6.529,1.602],[0,0],[1.602,-6.528],[0,0],[-6.528,-1.602],[0,0],[-1.602,6.529]],"v":[[-414.547,-69.304],[-335.006,-49.788],[-320.223,-58.745],[-320.223,-58.746],[-329.181,-73.528],[-408.722,-93.044],[-423.504,-84.086],[-423.504,-84.086]],"c":true},"ix":2},"nm":"Path 1","mn":"ADBE Vector Shape - Group","hd":false},{"ty":"fl","c":{"a":0,"k":[0.137254908681,0.121568627656,0.1254902035,1],"ix":4},"o":{"a":0,"k":100,"ix":5},"r":1,"bm":0,"nm":"Fill 1","mn":"ADBE Vector Graphic - Fill","hd":false},{"ty":"tr","p":{"a":0,"k":[0,0],"ix":2},"a":{"a":0,"k":[0,0],"ix":1},"s":{"a":0,"k":[100,100],"ix":3},"r":{"a":0,"k":0,"ix":6},"o":{"a":0,"k":100,"ix":7},"sk":{"a":0,"k":0,"ix":4},"sa":{"a":0,"k":0,"ix":5},"nm":"Transform"}],"nm":"Group 1","np":2,"cix":2,"bm":0,"ix":1,"mn":"ADBE Vector Group","hd":false},{"ty":"gr","it":[{"ind":0,"ty":"sh","ix":1,"ks":{"a":0,"k":{"i":[[6.529,-1.602],[0,0],[1.602,6.528],[0,0],[-6.528,1.602],[0,0],[-1.602,-6.529],[0,0]],"o":[[0,0],[-6.529,1.602],[0,0],[-1.603,-6.528],[0,0],[6.528,-1.602],[0,0],[1.602,6.529]],"v":[[-573.987,-69.304],[-653.528,-49.788],[-668.31,-58.745],[-668.31,-58.746],[-659.353,-73.528],[-579.811,-93.044],[-565.029,-84.086],[-565.029,-84.086]],"c":true},"ix":2},"nm":"Path 1","mn":"ADBE Vector Shape - Group","hd":false},{"ty":"fl","c":{"a":0,"k":[0.137254908681,0.121568627656,0.1254902035,1],"ix":4},"o":{"a":0,"k":100,"ix":5},"r":1,"bm":0,"nm":"Fill 1","mn":"ADBE Vector Graphic - Fill","hd":false},{"ty":"tr","p":{"a":0,"k":[0,0],"ix":2},"a":{"a":0,"k":[0,0],"ix":1},"s":{"a":0,"k":[100,100],"ix":3},"r":{"a":0,"k":0,"ix":6},"o":{"a":0,"k":100,"ix":7},"sk":{"a":0,"k":0,"ix":4},"sa":{"a":0,"k":0,"ix":5},"nm":"Transform"}],"nm":"Group 2","np":2,"cix":2,"bm":0,"ix":2,"mn":"ADBE Vector Group","hd":false},{"ty":"tr","p":{"a":0,"k":[0,0],"ix":2},"a":{"a":0,"k":[0,0],"ix":1},"s":{"a":0,"k":[100,100],"ix":3},"r":{"a":0,"k":0,"ix":6},"o":{"a":0,"k":100,"ix":7},"sk":{"a":0,"k":0,"ix":4},"sa":{"a":0,"k":0,"ix":5},"nm":"Transform"}],"nm":"Group 1","np":2,"cix":2,"bm":0,"ix":1,"mn":"ADBE Vector Group","hd":false},{"ty":"gr","it":[{"ind":0,"ty":"sh","ix":1,"ks":{"a":0,"k":{"i":[[4.238,-0.835],[0.845,4.236],[14.415,19.374],[54.844,2.848],[19.097,-25.667],[0.053,-0.266],[4.25,0.825],[-0.824,4.248],[-16.282,22.16],[-45.884,0],[-15.762,-10.086],[-7.51,-10.223],[-0.171,-0.881]],"o":[[-4.234,0.84],[-0.037,-0.188],[-19.097,-25.667],[-44.909,0.61],[-14.384,19.333],[-0.835,4.237],[-4.248,-0.825],[0.172,-0.881],[15.021,-20.447],[26.302,0],[15.762,10.087],[16.282,22.16],[0.824,4.24]],"v":[[-382.92,103.989],[-392.118,97.825],[-410.426,59.545],[-494.267,15.396],[-578.107,59.545],[-596.414,97.824],[-605.597,104.002],[-611.794,94.816],[-591.129,50.801],[-494.267,0.232],[-431.742,17.849],[-397.404,50.801],[-376.74,94.816]],"c":true},"ix":2},"nm":"Path 1","mn":"ADBE Vector Shape - Group","hd":false},{"ty":"fl","c":{"a":0,"k":[0.137254908681,0.121568627656,0.1254902035,1],"ix":4},"o":{"a":0,"k":100,"ix":5},"r":1,"bm":0,"nm":"Fill 1","mn":"ADBE Vector Graphic - Fill","hd":false},{"ty":"tr","p":{"a":0,"k":[0,0],"ix":2},"a":{"a":0,"k":[0,0],"ix":1},"s":{"a":0,"k":[100,100],"ix":3},"r":{"a":0,"k":0,"ix":6},"o":{"a":0,"k":100,"ix":7},"sk":{"a":0,"k":0,"ix":4},"sa":{"a":0,"k":0,"ix":5},"nm":"Transform"}],"nm":"Group 2","np":2,"cix":2,"bm":0,"ix":2,"mn":"ADBE Vector Group","hd":false},{"ty":"gr","it":[{"ind":0,"ty":"sh","ix":1,"ks":{"a":0,"k":{"i":[[0,-116.384],[116.384,0],[0,116.385],[-116.384,0]],"o":[[0,116.385],[-116.384,0],[0,-116.384],[116.384,0]],"v":[[-283.534,0.232],[-494.267,210.965],[-705,0.232],[-494.267,-210.5]],"c":true},"ix":2},"nm":"Path 1","mn":"ADBE Vector Shape - Group","hd":false},{"ty":"fl","c":{"a":0,"k":[1,0.749019622803,0.235294118524,1],"ix":4},"o":{"a":0,"k":100,"ix":5},"r":1,"bm":0,"nm":"Fill 1","mn":"ADBE Vector Graphic - Fill","hd":false},{"ty":"tr","p":{"a":0,"k":[0,0],"ix":2},"a":{"a":0,"k":[0,0],"ix":1},"s":{"a":0,"k":[100,100],"ix":3},"r":{"a":0,"k":0,"ix":6},"o":{"a":0,"k":100,"ix":7},"sk":{"a":0,"k":0,"ix":4},"sa":{"a":0,"k":0,"ix":5},"nm":"Transform"}],"nm":"Group 3","np":2,"cix":2,"bm":0,"ix":3,"mn":"ADBE Vector Group","hd":false}],"ip":0,"op":253.000010304901,"st":13.0000005295009,"bm":0},{"ddd":0,"ind":2,"ty":4,"nm":"happy face","sr":1,"ks":{"o":{"a":1,"k":[{"i":{"x":[0.5],"y":[1]},"o":{"x":[0.502],"y":[0]},"t":3,"s":[0]},{"i":{"x":[0],"y":[1]},"o":{"x":[1],"y":[0]},"t":30,"s":[100]},{"i":{"x":[0.49],"y":[1]},"o":{"x":[0.505],"y":[0]},"t":36,"s":[100]},{"t":63.0000025660426,"s":[0]}],"ix":11},"r":{"a":1,"k":[{"i":{"x":[0.5],"y":[1]},"o":{"x":[0.502],"y":[0]},"t":3,"s":[0]},{"i":{"x":[0],"y":[1]},"o":{"x":[1],"y":[0]},"t":30,"s":[360]},{"i":{"x":[0.49],"y":[1]},"o":{"x":[0.505],"y":[0]},"t":36,"s":[360]},{"t":63.0000025660426,"s":[0]}],"ix":10},"p":{"a":1,"k":[{"i":{"x":0.5,"y":1},"o":{"x":0.502,"y":0},"t":3,"s":[464.733,540.233,0],"to":[164.833,0,0],"ti":[-164.833,0,0]},{"i":{"x":0,"y":0},"o":{"x":1,"y":1},"t":30,"s":[1453.733,540.233,0],"to":[0,0,0],"ti":[0,0,0]},{"i":{"x":0.49,"y":1},"o":{"x":0.505,"y":0},"t":36,"s":[1453.733,540.233,0],"to":[-164.833,0,0],"ti":[164.833,0,0]},{"t":63.0000025660426,"s":[464.733,540.233,0]}],"ix":2},"a":{"a":0,"k":[494.267,0.233,0],"ix":1},"s":{"a":0,"k":[100,100,100],"ix":6}},"ao":0,"shapes":[{"ty":"gr","it":[{"ind":0,"ty":"sh","ix":1,"ks":{"a":0,"k":{"i":[[4.238,0.835],[0.844,-4.236],[14.416,-19.375],[54.843,-2.849],[19.097,25.667],[0.054,0.265],[4.251,-0.825],[-0.824,-4.248],[-16.282,-22.16],[-45.885,0],[-15.022,20.446],[-0.171,0.881]],"o":[[-4.234,-0.84],[-0.038,0.188],[-19.096,25.667],[-44.909,-0.61],[-14.384,-19.333],[-0.833,-4.238],[-4.247,0.825],[0.172,0.881],[15.02,20.446],[52.605,0],[16.281,-22.16],[0.824,-4.24]],"v":[[605.615,34.597],[596.416,40.761],[578.107,79.041],[494.268,123.19],[410.427,79.041],[392.119,40.763],[382.937,34.583],[376.74,43.769],[397.405,87.784],[494.268,138.353],[591.13,87.784],[611.794,43.769]],"c":true},"ix":2},"nm":"Path 1","mn":"ADBE Vector Shape - Group","hd":false},{"ty":"fl","c":{"a":0,"k":[0.137254908681,0.121568627656,0.1254902035,1],"ix":4},"o":{"a":0,"k":100,"ix":5},"r":1,"bm":0,"nm":"Fill 1","mn":"ADBE Vector Graphic - Fill","hd":false},{"ty":"tr","p":{"a":0,"k":[0,0],"ix":2},"a":{"a":0,"k":[0,0],"ix":1},"s":{"a":0,"k":[100,100],"ix":3},"r":{"a":0,"k":0,"ix":6},"o":{"a":0,"k":100,"ix":7},"sk":{"a":0,"k":0,"ix":4},"sa":{"a":0,"k":0,"ix":5},"nm":"Transform"}],"nm":"Group 1","np":2,"cix":2,"bm":0,"ix":1,"mn":"ADBE Vector Group","hd":false},{"ty":"gr","it":[{"ty":"gr","it":[{"ty":"gr","it":[{"ind":0,"ty":"sh","ix":1,"ks":{"a":0,"k":{"i":[[0,-8.79],[8.79,0],[0,8.789],[-8.789,0]],"o":[[0,8.789],[-8.789,0],[0,-8.79],[8.79,0]],"v":[[623.699,-73.379],[607.784,-57.465],[591.87,-73.379],[607.784,-89.294]],"c":true},"ix":2},"nm":"Path 1","mn":"ADBE Vector Shape - Group","hd":false},{"ty":"fl","c":{"a":0,"k":[1,1,1,1],"ix":4},"o":{"a":0,"k":100,"ix":5},"r":1,"bm":0,"nm":"Fill 1","mn":"ADBE Vector Graphic - Fill","hd":false},{"ty":"tr","p":{"a":0,"k":[0,0],"ix":2},"a":{"a":0,"k":[0,0],"ix":1},"s":{"a":0,"k":[100,100],"ix":3},"r":{"a":0,"k":0,"ix":6},"o":{"a":0,"k":100,"ix":7},"sk":{"a":0,"k":0,"ix":4},"sa":{"a":0,"k":0,"ix":5},"nm":"Transform"}],"nm":"Group 1","np":2,"cix":2,"bm":0,"ix":1,"mn":"ADBE Vector Group","hd":false},{"ty":"gr","it":[{"ind":0,"ty":"sh","ix":1,"ks":{"a":0,"k":{"i":[[0,-19.881],[19.88,0],[0,19.88],[-19.881,0]],"o":[[0,19.88],[-19.881,0],[0,-19.881],[19.88,0]],"v":[[653.255,-67.695],[617.258,-31.698],[581.26,-67.695],[617.258,-103.693]],"c":true},"ix":2},"nm":"Path 1","mn":"ADBE Vector Shape - Group","hd":false},{"ty":"fl","c":{"a":0,"k":[0.137254908681,0.121568627656,0.1254902035,1],"ix":4},"o":{"a":0,"k":100,"ix":5},"r":1,"bm":0,"nm":"Fill 1","mn":"ADBE Vector Graphic - Fill","hd":false},{"ty":"tr","p":{"a":0,"k":[0,0],"ix":2},"a":{"a":0,"k":[0,0],"ix":1},"s":{"a":0,"k":[100,100],"ix":3},"r":{"a":0,"k":0,"ix":6},"o":{"a":0,"k":100,"ix":7},"sk":{"a":0,"k":0,"ix":4},"sa":{"a":0,"k":0,"ix":5},"nm":"Transform"}],"nm":"Group 2","np":2,"cix":2,"bm":0,"ix":2,"mn":"ADBE Vector Group","hd":false},{"ty":"tr","p":{"a":0,"k":[0,0],"ix":2},"a":{"a":0,"k":[0,0],"ix":1},"s":{"a":0,"k":[100,100],"ix":3},"r":{"a":0,"k":0,"ix":6},"o":{"a":0,"k":100,"ix":7},"sk":{"a":0,"k":0,"ix":4},"sa":{"a":0,"k":0,"ix":5},"nm":"Transform"}],"nm":"Group 1","np":2,"cix":2,"bm":0,"ix":1,"mn":"ADBE Vector Group","hd":false},{"ty":"gr","it":[{"ty":"gr","it":[{"ind":0,"ty":"sh","ix":1,"ks":{"a":0,"k":{"i":[[0,-8.79],[8.789,0],[0,8.789],[-8.79,0]],"o":[[0,8.789],[-8.79,0],[0,-8.79],[8.789,0]],"v":[[377.719,-73.379],[361.805,-57.465],[345.89,-73.379],[361.805,-89.294]],"c":true},"ix":2},"nm":"Path 1","mn":"ADBE Vector Shape - Group","hd":false},{"ty":"fl","c":{"a":0,"k":[1,1,1,1],"ix":4},"o":{"a":0,"k":100,"ix":5},"r":1,"bm":0,"nm":"Fill 1","mn":"ADBE Vector Graphic - Fill","hd":false},{"ty":"tr","p":{"a":0,"k":[0,0],"ix":2},"a":{"a":0,"k":[0,0],"ix":1},"s":{"a":0,"k":[100,100],"ix":3},"r":{"a":0,"k":0,"ix":6},"o":{"a":0,"k":100,"ix":7},"sk":{"a":0,"k":0,"ix":4},"sa":{"a":0,"k":0,"ix":5},"nm":"Transform"}],"nm":"Group 1","np":2,"cix":2,"bm":0,"ix":1,"mn":"ADBE Vector Group","hd":false},{"ty":"gr","it":[{"ind":0,"ty":"sh","ix":1,"ks":{"a":0,"k":{"i":[[0,-19.881],[19.88,0],[0,19.88],[-19.88,0]],"o":[[0,19.88],[-19.88,0],[0,-19.881],[19.88,0]],"v":[[407.275,-67.695],[371.278,-31.698],[335.281,-67.695],[371.278,-103.693]],"c":true},"ix":2},"nm":"Path 1","mn":"ADBE Vector Shape - Group","hd":false},{"ty":"fl","c":{"a":0,"k":[0.137254908681,0.121568627656,0.1254902035,1],"ix":4},"o":{"a":0,"k":100,"ix":5},"r":1,"bm":0,"nm":"Fill 1","mn":"ADBE Vector Graphic - Fill","hd":false},{"ty":"tr","p":{"a":0,"k":[0,0],"ix":2},"a":{"a":0,"k":[0,0],"ix":1},"s":{"a":0,"k":[100,100],"ix":3},"r":{"a":0,"k":0,"ix":6},"o":{"a":0,"k":100,"ix":7},"sk":{"a":0,"k":0,"ix":4},"sa":{"a":0,"k":0,"ix":5},"nm":"Transform"}],"nm":"Group 2","np":2,"cix":2,"bm":0,"ix":2,"mn":"ADBE Vector Group","hd":false},{"ty":"tr","p":{"a":0,"k":[0,0],"ix":2},"a":{"a":0,"k":[0,0],"ix":1},"s":{"a":0,"k":[100,100],"ix":3},"r":{"a":0,"k":0,"ix":6},"o":{"a":0,"k":100,"ix":7},"sk":{"a":0,"k":0,"ix":4},"sa":{"a":0,"k":0,"ix":5},"nm":"Transform"}],"nm":"Group 2","np":2,"cix":2,"bm":0,"ix":2,"mn":"ADBE Vector Group","hd":false},{"ty":"tr","p":{"a":0,"k":[0,0],"ix":2},"a":{"a":0,"k":[0,0],"ix":1},"s":{"a":0,"k":[100,100],"ix":3},"r":{"a":0,"k":0,"ix":6},"o":{"a":0,"k":100,"ix":7},"sk":{"a":0,"k":0,"ix":4},"sa":{"a":0,"k":0,"ix":5},"nm":"Transform"}],"nm":"Group 2","np":2,"cix":2,"bm":0,"ix":2,"mn":"ADBE Vector Group","hd":false},{"ty":"gr","it":[{"ind":0,"ty":"sh","ix":1,"ks":{"a":0,"k":{"i":[[0,-116.385],[116.384,0],[0,116.384],[-116.385,0]],"o":[[0,116.384],[-116.385,0],[0,-116.385],[116.384,0]],"v":[[705,0.233],[494.268,210.965],[283.535,0.233],[494.268,-210.5]],"c":true},"ix":2},"nm":"Path 1","mn":"ADBE Vector Shape - Group","hd":false},{"ty":"fl","c":{"a":0,"k":[1,0.749019622803,0.235294118524,1],"ix":4},"o":{"a":0,"k":100,"ix":5},"r":1,"bm":0,"nm":"Fill 1","mn":"ADBE Vector Graphic - Fill","hd":false},{"ty":"tr","p":{"a":0,"k":[0,0],"ix":2},"a":{"a":0,"k":[0,0],"ix":1},"s":{"a":0,"k":[100,100],"ix":3},"r":{"a":0,"k":0,"ix":6},"o":{"a":0,"k":100,"ix":7},"sk":{"a":0,"k":0,"ix":4},"sa":{"a":0,"k":0,"ix":5},"nm":"Transform"}],"nm":"Group 3","np":2,"cix":2,"bm":0,"ix":3,"mn":"ADBE Vector Group","hd":false}],"ip":0,"op":253.000010304901,"st":13.0000005295009,"bm":0},{"ddd":0,"ind":3,"ty":4,"nm":"ractangel","sr":1,"ks":{"o":{"a":0,"k":50,"ix":11},"r":{"a":0,"k":0,"ix":10},"p":{"a":0,"k":[960,540,0],"ix":2},"a":{"a":0,"k":[0,0,0],"ix":1},"s":{"a":0,"k":[100,100,100],"ix":6}},"ao":0,"shapes":[{"ty":"gr","it":[{"ind":0,"ty":"sh","ix":1,"ks":{"a":0,"k":{"i":[[0,0],[0,0],[30.046,-12.765],[22.377,-22.376],[12.302,-28.958],[0,-32.75],[-12.765,-30.046],[-22.376,-22.377],[-28.958,-12.302],[-32.75,0],[0,0],[-30.046,12.765],[-22.376,22.377],[-12.302,28.958],[0,32.75],[12.765,30.046],[22.376,22.376],[28.958,12.302],[32.75,0]],"o":[[0,0],[-32.75,0],[-28.958,12.302],[-22.376,22.377],[-12.765,30.046],[0,32.75],[12.302,28.958],[22.377,22.377],[30.046,12.765],[0,0],[32.75,0],[28.958,-12.302],[22.376,-22.377],[12.765,-30.046],[0,-32.75],[-12.302,-28.958],[-22.376,-22.377],[-30.046,-12.765],[0,0]],"v":[[494.5,-243.5],[-494.5,-243.5],[-589.137,-224.263],[-666.5,-172],[-718.763,-94.637],[-738,0],[-718.763,94.636],[-666.5,172],[-589.137,224.263],[-494.5,243.5],[494.5,243.5],[589.137,224.263],[666.5,172],[718.763,94.637],[738,0],[718.763,-94.637],[666.5,-172],[589.137,-224.263],[494.5,-243.5]],"c":true},"ix":2},"nm":"Path 1","mn":"ADBE Vector Shape - Group","hd":false},{"ind":1,"ty":"sh","ix":2,"ks":{"a":0,"k":{"i":[[0,0],[0,-115.775],[0,0],[115.775,0],[0,0],[0,115.775],[0,0],[-115.775,0],[0,0]],"o":[[115.775,0],[0,0],[0,115.775],[0,0],[-115.775,0],[0,0],[0,-115.775],[0,0],[0,0]],"v":[[494.5,-210.5],[705,0],[705,0],[494.5,210.5],[-494.5,210.5],[-705,0],[-705,0],[-494.5,-210.5],[494.5,-210.5]],"c":false},"ix":2},"nm":"Path 2","mn":"ADBE Vector Shape - Group","hd":false},{"ty":"fl","c":{"a":0,"k":[0.023529412225,0.698039233685,0.678431391716,1],"ix":4},"o":{"a":0,"k":100,"ix":5},"r":1,"bm":0,"nm":"Fill 1","mn":"ADBE Vector Graphic - Fill","hd":false},{"ty":"tr","p":{"a":0,"k":[0,0],"ix":2},"a":{"a":0,"k":[0,0],"ix":1},"s":{"a":0,"k":[100,100],"ix":3},"r":{"a":0,"k":0,"ix":6},"o":{"a":0,"k":100,"ix":7},"sk":{"a":0,"k":0,"ix":4},"sa":{"a":0,"k":0,"ix":5},"nm":"Transform"}],"nm":"Group 1","np":3,"cix":2,"bm":0,"ix":1,"mn":"ADBE Vector Group","hd":false},{"ty":"gr","it":[{"ind":0,"ty":"sh","ix":1,"ks":{"a":0,"k":{"i":[[0,0],[42.991,42.991],[0,60.401],[-42.991,42.991],[-60.401,0],[0,0],[-42.991,-42.991],[0,-60.401],[42.991,-42.991],[60.401,0]],"o":[[-60.401,0],[-42.991,-42.991],[0,-60.401],[42.991,-42.991],[0,0],[60.401,0],[42.991,42.991],[0,60.401],[-42.991,42.991],[0,0]],"v":[[-494.5,227],[-654.833,160.333],[-721.5,0],[-654.833,-160.333],[-494.5,-227],[494.5,-227],[654.833,-160.333],[721.5,0],[654.833,160.333],[494.5,227]],"c":true},"ix":2},"nm":"Path 1","mn":"ADBE Vector Shape - Group","hd":false},{"ty":"fl","c":{"a":0,"k":[0.603921592236,0.96862745285,0.956862747669,1],"ix":4},"o":{"a":0,"k":100,"ix":5},"r":1,"bm":0,"nm":"Fill 1","mn":"ADBE Vector Graphic - Fill","hd":false},{"ty":"tr","p":{"a":0,"k":[0,0],"ix":2},"a":{"a":0,"k":[0,0],"ix":1},"s":{"a":0,"k":[100,100],"ix":3},"r":{"a":0,"k":0,"ix":6},"o":{"a":0,"k":100,"ix":7},"sk":{"a":0,"k":0,"ix":4},"sa":{"a":0,"k":0,"ix":5},"nm":"Transform"}],"nm":"Group 2","np":2,"cix":2,"bm":0,"ix":2,"mn":"ADBE Vector Group","hd":false}],"ip":0,"op":240.0000097754,"st":0,"bm":0}],"markers":[{"tm":15.0000006109625,"cm":"1","dr":0}]}