{"nm":"Food Animation","mn":"","layers":[{"ty":4,"nm":"mask","mn":"","sr":1,"st":0,"op":270,"ip":0,"hd":false,"cl":"","ln":"","ddd":0,"bm":0,"hasMask":false,"td":1,"ao":0,"ks":{"a":{"a":0,"k":[0,0,0],"ix":1},"s":{"a":0,"k":[100,100,100],"ix":6},"sk":{"a":0,"k":0},"p":{"a":0,"k":[46.396,49.107,0],"ix":2},"r":{"a":0,"k":0,"ix":10},"sa":{"a":0,"k":0},"o":{"a":0,"k":100,"ix":11}},"ef":[],"shapes":[{"ty":"gr","bm":0,"cl":"","ln":"","hd":false,"mn":"ADBE Vector Group","nm":"Ellipse 1","ix":1,"cix":2,"np":3,"it":[{"ty":"el","bm":0,"cl":"","ln":"","hd":false,"mn":"ADBE Vector Shape - Ellipse","nm":"Ellipse Path 1","d":1,"p":{"a":0,"k":[0,0],"ix":3},"s":{"a":0,"k":[69,69],"ix":2}},{"ty":"st","bm":0,"cl":"","ln":"","hd":false,"mn":"ADBE Vector Graphic - Stroke","nm":"Stroke 1","lc":1,"lj":1,"ml":4,"o":{"a":0,"k":100,"ix":4},"w":{"a":0,"k":0,"ix":5},"d":[],"c":{"a":0,"k":[1,1,1],"ix":3}},{"ty":"fl","bm":0,"cl":"","ln":"","hd":false,"mn":"ADBE Vector Graphic - Fill","nm":"Fill 1","c":{"a":1,"k":[{"o":{"x":0.333,"y":0},"i":{"x":0.667,"y":1},"s":[1,0.8314,0],"t":0},{"o":{"x":0.333,"y":0},"i":{"x":0.667,"y":1},"s":[1,0.8314,0],"t":45},{"o":{"x":0.333,"y":0},"i":{"x":0.667,"y":1},"s":[0.8824,0.8588,0.7765],"t":90},{"o":{"x":0.333,"y":0},"i":{"x":0.667,"y":1},"s":[0.8824,0.8588,0.7765],"t":135},{"o":{"x":0.333,"y":0},"i":{"x":0.667,"y":1},"s":[1,0.4863,0.4549],"t":180},{"o":{"x":0.333,"y":0},"i":{"x":0.667,"y":1},"s":[1,0.4863,0.4549],"t":225},{"o":{"x":0.167,"y":0.167},"i":{"x":0.833,"y":0.833},"s":[1,0.8314,0],"t":270}],"ix":4},"r":1,"o":{"a":0,"k":100,"ix":5}},{"ty":"tr","a":{"a":0,"k":[0,0],"ix":1},"s":{"a":0,"k":[140.46,140.46],"ix":3},"sk":{"a":0,"k":0,"ix":4},"p":{"a":0,"k":[2.604,-0.107],"ix":2},"r":{"a":0,"k":0,"ix":6},"sa":{"a":0,"k":0,"ix":5},"o":{"a":0,"k":100,"ix":7}}]}],"ind":1},{"ty":0,"nm":"rice-bowl","mn":"","sr":1,"st":0,"op":270,"ip":0,"hd":false,"cl":"","ln":"","ddd":0,"bm":0,"tt":1,"hasMask":false,"ao":0,"ks":{"a":{"a":0,"k":[25,25,0],"ix":1},"s":{"a":0,"k":[100,100,100],"ix":6},"sk":{"a":0,"k":0},"p":{"a":1,"k":[{"o":{"x":0.333,"y":0.333},"i":{"x":0.667,"y":0.667},"s":[53,49,0],"t":0,"ti":[0,0,0],"to":[0,0,0]},{"o":{"x":0.333,"y":0},"i":{"x":0.667,"y":1},"s":[53,49,0],"t":45,"ti":[1.33954989910126,0,0],"to":[-16.6666660308838,0,0]},{"o":{"x":0.324,"y":0},"i":{"x":0.657,"y":1},"s":[-47,49,0],"t":90,"ti":[-0.04337932914495,0,0],"to":[-0.02886717393994,0,0]},{"o":{"x":0.325,"y":0},"i":{"x":0.659,"y":1},"s":[-46.978,139,0],"t":91,"ti":[-0.07315696030855,0.03850347921252,0],"to":[0.03294006735086,0,0]},{"o":{"x":0.326,"y":0.001},"i":{"x":0.659,"y":0.999},"s":[133.182,138.942,0],"t":92,"ti":[0.00194866966922,0.11341581493616,0],"to":[0.08659902215004,-0.04557821899652,0]},{"o":{"x":0.082,"y":1},"i":{"x":0.918,"y":0},"s":[133.308,52.187,0],"t":93,"ti":[0.00194866966922,0.11341581493616,0],"to":[-0.07225280255079,-4.20523357391357,0]},{"o":{"x":0.198,"y":0.038},"i":{"x":0.695,"y":1},"s":[133.308,52.187,0],"t":225,"ti":[3.18730449676514,0.12650120258331,0],"to":[-0.07225280255079,-4.20523357391357,0]},{"o":{"x":0.167,"y":0.167},"i":{"x":0.833,"y":0.833},"s":[53,49,0],"t":270}],"ix":2},"r":{"a":0,"k":0,"ix":10},"sa":{"a":0,"k":0},"o":{"a":0,"k":100,"ix":11}},"ef":[],"w":50,"h":50,"refId":"comp_0","ind":2},{"ty":4,"nm":"mask 2","mn":"","sr":1,"st":0,"op":270,"ip":0,"hd":false,"cl":"","ln":"","ddd":0,"bm":0,"hasMask":false,"td":1,"ao":0,"ks":{"a":{"a":0,"k":[0,0,0],"ix":1},"s":{"a":0,"k":[100,100,100],"ix":6},"sk":{"a":0,"k":0},"p":{"a":0,"k":[46.396,49.107,0],"ix":2},"r":{"a":0,"k":0,"ix":10},"sa":{"a":0,"k":0},"o":{"a":0,"k":100,"ix":11}},"ef":[],"shapes":[{"ty":"gr","bm":0,"cl":"","ln":"","hd":false,"mn":"ADBE Vector Group","nm":"Ellipse 1","ix":1,"cix":2,"np":3,"it":[{"ty":"el","bm":0,"cl":"","ln":"","hd":false,"mn":"ADBE Vector Shape - Ellipse","nm":"Ellipse Path 1","d":1,"p":{"a":0,"k":[0,0],"ix":3},"s":{"a":0,"k":[69,69],"ix":2}},{"ty":"st","bm":0,"cl":"","ln":"","hd":false,"mn":"ADBE Vector Graphic - Stroke","nm":"Stroke 1","lc":1,"lj":1,"ml":4,"o":{"a":0,"k":100,"ix":4},"w":{"a":0,"k":0,"ix":5},"d":[],"c":{"a":0,"k":[1,1,1],"ix":3}},{"ty":"fl","bm":0,"cl":"","ln":"","hd":false,"mn":"ADBE Vector Graphic - Fill","nm":"Fill 1","c":{"a":1,"k":[{"o":{"x":0.333,"y":0},"i":{"x":0.667,"y":1},"s":[1,0.8314,0],"t":0},{"o":{"x":0.333,"y":0},"i":{"x":0.667,"y":1},"s":[1,0.8314,0],"t":45},{"o":{"x":0.333,"y":0},"i":{"x":0.667,"y":1},"s":[0.8824,0.8588,0.7765],"t":90},{"o":{"x":0.333,"y":0},"i":{"x":0.667,"y":1},"s":[0.8824,0.8588,0.7765],"t":135},{"o":{"x":0.333,"y":0},"i":{"x":0.667,"y":1},"s":[1,0.4863,0.4549],"t":180},{"o":{"x":0.333,"y":0},"i":{"x":0.667,"y":1},"s":[1,0.4863,0.4549],"t":225},{"o":{"x":0.167,"y":0.167},"i":{"x":0.833,"y":0.833},"s":[1,0.8314,0],"t":270}],"ix":4},"r":1,"o":{"a":0,"k":100,"ix":5}},{"ty":"tr","a":{"a":0,"k":[0,0],"ix":1},"s":{"a":0,"k":[140.46,140.46],"ix":3},"sk":{"a":0,"k":0,"ix":4},"p":{"a":0,"k":[2.604,-0.107],"ix":2},"r":{"a":0,"k":0,"ix":6},"sa":{"a":0,"k":0,"ix":5},"o":{"a":0,"k":100,"ix":7}}]}],"ind":3},{"ty":0,"nm":"steak","mn":"","sr":1,"st":0,"op":270,"ip":0,"hd":false,"cl":"","ln":"","ddd":0,"bm":0,"tt":1,"hasMask":false,"ao":0,"ks":{"a":{"a":0,"k":[40,17.5,0],"ix":1},"s":{"a":0,"k":[100,100,100],"ix":6},"sk":{"a":0,"k":0},"p":{"a":1,"k":[{"o":{"x":0.333,"y":0},"i":{"x":0.667,"y":1},"s":[148.62,49,0],"t":45,"ti":[16.1666660308838,0,0],"to":[-16.1666660308838,0,0]},{"o":{"x":0.167,"y":0.167},"i":{"x":0.667,"y":0.667},"s":[51.62,49,0],"t":90,"ti":[0,0,0],"to":[0,0,0]},{"o":{"x":0.167,"y":0},"i":{"x":0.667,"y":1},"s":[51.62,49,0],"t":135,"ti":[17.1666660308838,0,0],"to":[-17.1666660308838,0,0]},{"o":{"x":0.167,"y":0.167},"i":{"x":0.833,"y":0.833},"s":[-51.38,49,0],"t":180}],"ix":2},"r":{"a":0,"k":0,"ix":10},"sa":{"a":0,"k":0},"o":{"a":0,"k":100,"ix":11}},"ef":[],"w":80,"h":35,"refId":"comp_1","ind":4},{"ty":4,"nm":"mask 3","mn":"","sr":1,"st":0,"op":270,"ip":0,"hd":false,"cl":"","ln":"","ddd":0,"bm":0,"hasMask":false,"td":1,"ao":0,"ks":{"a":{"a":0,"k":[0,0,0],"ix":1},"s":{"a":0,"k":[100,100,100],"ix":6},"sk":{"a":0,"k":0},"p":{"a":0,"k":[46.396,49.107,0],"ix":2},"r":{"a":0,"k":0,"ix":10},"sa":{"a":0,"k":0},"o":{"a":0,"k":100,"ix":11}},"ef":[],"shapes":[{"ty":"gr","bm":0,"cl":"","ln":"","hd":false,"mn":"ADBE Vector Group","nm":"Ellipse 1","ix":1,"cix":2,"np":3,"it":[{"ty":"el","bm":0,"cl":"","ln":"","hd":false,"mn":"ADBE Vector Shape - Ellipse","nm":"Ellipse Path 1","d":1,"p":{"a":0,"k":[0,0],"ix":3},"s":{"a":0,"k":[69,69],"ix":2}},{"ty":"st","bm":0,"cl":"","ln":"","hd":false,"mn":"ADBE Vector Graphic - Stroke","nm":"Stroke 1","lc":1,"lj":1,"ml":4,"o":{"a":0,"k":100,"ix":4},"w":{"a":0,"k":0,"ix":5},"d":[],"c":{"a":0,"k":[1,1,1],"ix":3}},{"ty":"fl","bm":0,"cl":"","ln":"","hd":false,"mn":"ADBE Vector Graphic - Fill","nm":"Fill 1","c":{"a":1,"k":[{"o":{"x":0.333,"y":0},"i":{"x":0.667,"y":1},"s":[1,0.8314,0],"t":0},{"o":{"x":0.333,"y":0},"i":{"x":0.667,"y":1},"s":[1,0.8314,0],"t":45},{"o":{"x":0.333,"y":0},"i":{"x":0.667,"y":1},"s":[0.8824,0.8588,0.7765],"t":90},{"o":{"x":0.333,"y":0},"i":{"x":0.667,"y":1},"s":[0.8824,0.8588,0.7765],"t":135},{"o":{"x":0.333,"y":0},"i":{"x":0.667,"y":1},"s":[1,0.4863,0.4549],"t":180},{"o":{"x":0.333,"y":0},"i":{"x":0.667,"y":1},"s":[1,0.4863,0.4549],"t":225},{"o":{"x":0.167,"y":0.167},"i":{"x":0.833,"y":0.833},"s":[1,0.8314,0],"t":270}],"ix":4},"r":1,"o":{"a":0,"k":100,"ix":5}},{"ty":"tr","a":{"a":0,"k":[0,0],"ix":1},"s":{"a":0,"k":[140.46,140.46],"ix":3},"sk":{"a":0,"k":0,"ix":4},"p":{"a":0,"k":[2.604,-0.107],"ix":2},"r":{"a":0,"k":0,"ix":6},"sa":{"a":0,"k":0,"ix":5},"o":{"a":0,"k":100,"ix":7}}]}],"ind":5},{"ty":0,"nm":"breakfast","mn":"","sr":1,"st":0,"op":270,"ip":0,"hd":false,"cl":"","ln":"","ddd":0,"bm":0,"tt":1,"hasMask":false,"ao":0,"ks":{"a":{"a":0,"k":[35.5,17.5,0],"ix":1},"s":{"a":0,"k":[100,100,100],"ix":6},"sk":{"a":0,"k":0},"p":{"a":1,"k":[{"o":{"x":0.333,"y":0},"i":{"x":0.667,"y":1},"s":[139,49,0],"t":135,"ti":[15,0,0],"to":[-15,0,0]},{"o":{"x":0.333,"y":0.333},"i":{"x":0.667,"y":0.667},"s":[49,49,0],"t":180,"ti":[0,0,0],"to":[0,0,0]},{"o":{"x":0.333,"y":0},"i":{"x":0.667,"y":1},"s":[49,49,0],"t":225,"ti":[18.3333339691162,0,0],"to":[-18.3333339691162,0,0]},{"o":{"x":0.167,"y":0.167},"i":{"x":0.833,"y":0.833},"s":[-61,49,0],"t":270}],"ix":2},"r":{"a":0,"k":0,"ix":10},"sa":{"a":0,"k":0},"o":{"a":0,"k":100,"ix":11}},"ef":[],"w":71,"h":35,"refId":"comp_2","ind":6},{"ty":4,"nm":"circle 2","mn":"","sr":1,"st":0,"op":270,"ip":0,"hd":false,"cl":"","ln":"","ddd":0,"bm":0,"hasMask":false,"ao":0,"ks":{"a":{"a":0,"k":[0,0,0],"ix":1},"s":{"a":0,"k":[100,100,100],"ix":6},"sk":{"a":0,"k":0},"p":{"a":0,"k":[46.396,49.107,0],"ix":2},"r":{"a":0,"k":0,"ix":10},"sa":{"a":0,"k":0},"o":{"a":0,"k":100,"ix":11}},"ef":[],"shapes":[{"ty":"gr","bm":0,"cl":"","ln":"","hd":false,"mn":"ADBE Vector Group","nm":"Ellipse 1","ix":1,"cix":2,"np":3,"it":[{"ty":"el","bm":0,"cl":"","ln":"","hd":false,"mn":"ADBE Vector Shape - Ellipse","nm":"Ellipse Path 1","d":1,"p":{"a":0,"k":[0,0],"ix":3},"s":{"a":0,"k":[69,69],"ix":2}},{"ty":"st","bm":0,"cl":"","ln":"","hd":false,"mn":"ADBE Vector Graphic - Stroke","nm":"Stroke 1","lc":1,"lj":1,"ml":4,"o":{"a":0,"k":100,"ix":4},"w":{"a":0,"k":0,"ix":5},"d":[],"c":{"a":0,"k":[1,0.902,0.851],"ix":3}},{"ty":"fl","bm":0,"cl":"","ln":"","hd":false,"mn":"ADBE Vector Graphic - Fill","nm":"Fill 1","c":{"a":1,"k":[{"o":{"x":0.333,"y":0},"i":{"x":0.667,"y":1},"s":[1,0.902,0.851],"t":0},{"o":{"x":0.333,"y":0},"i":{"x":0.667,"y":1},"s":[1,0.902,0.851],"t":45},{"o":{"x":0.333,"y":0},"i":{"x":0.667,"y":1},"s":[1,0.902,0.851],"t":90},{"o":{"x":0.333,"y":0},"i":{"x":0.667,"y":1},"s":[1,0.902,0.851],"t":135},{"o":{"x":0.333,"y":0},"i":{"x":0.667,"y":1},"s":[1,0.902,0.851],"t":180},{"o":{"x":0.333,"y":0},"i":{"x":0.667,"y":1},"s":[1,0.902,0.851],"t":225},{"o":{"x":0.167,"y":0.167},"i":{"x":0.833,"y":0.833},"s":[1,0.902,0.851],"t":270}],"ix":4},"r":1,"o":{"a":0,"k":100,"ix":5}},{"ty":"tr","a":{"a":0,"k":[0,0],"ix":1},"s":{"a":0,"k":[140.46,140.46],"ix":3},"sk":{"a":0,"k":0,"ix":4},"p":{"a":0,"k":[2.604,-0.107],"ix":2},"r":{"a":0,"k":0,"ix":6},"sa":{"a":0,"k":0,"ix":5},"o":{"a":0,"k":100,"ix":7}}]}],"ind":7}],"ddd":0,"h":98,"w":98,"meta":{"a":"","k":"","d":"","g":"@lottiefiles/toolkit-js 0.22.1","tc":"#000000"},"v":"5.4.1","fr":60,"op":270,"ip":0,"assets":[{"nm":"","mn":"","layers":[{"ty":4,"nm":"grain Outlines","mn":"","sr":1,"st":0,"op":270,"ip":0,"hd":false,"cl":"","ln":"","ddd":0,"bm":0,"hasMask":false,"ao":0,"ks":{"a":{"a":0,"k":[1.75,1.75,0],"ix":1},"s":{"a":0,"k":[100,100,100],"ix":6},"sk":{"a":0,"k":0},"p":{"a":0,"k":[31.201,28.431,0],"ix":2},"r":{"a":0,"k":0,"ix":10},"sa":{"a":0,"k":0},"o":{"a":0,"k":100,"ix":11}},"ef":[],"shapes":[{"ty":"gr","bm":0,"cl":"","ln":"","hd":false,"mn":"ADBE Vector Group","nm":"Group 1","ix":1,"cix":2,"np":2,"it":[{"ty":"sh","bm":0,"cl":"","ln":"","hd":false,"mn":"ADBE Vector Shape - Group","nm":"Path 1","ix":1,"d":1,"ks":{"a":0,"k":{"c":true,"i":[[0.828,0],[0,-0.829],[-0.828,0],[0,0.828]],"o":[[-0.828,0],[0,0.828],[0.828,0],[0,-0.829]],"v":[[0,-1.5],[-1.5,0],[0,1.5],[1.5,0]]},"ix":2}},{"ty":"fl","bm":0,"cl":"","ln":"","hd":false,"mn":"ADBE Vector Graphic - Fill","nm":"Fill 1","c":{"a":0,"k":[0.9059,0.9059,0.9059],"ix":4},"r":1,"o":{"a":0,"k":100,"ix":5}},{"ty":"tr","a":{"a":0,"k":[0,0],"ix":1},"s":{"a":0,"k":[100,100],"ix":3},"sk":{"a":0,"k":0,"ix":4},"p":{"a":0,"k":[1.75,1.75],"ix":2},"r":{"a":0,"k":0,"ix":6},"sa":{"a":0,"k":0,"ix":5},"o":{"a":0,"k":100,"ix":7}}]}],"ind":1},{"ty":4,"nm":"grain Outlines","mn":"","sr":1,"st":0,"op":270,"ip":0,"hd":false,"cl":"","ln":"","ddd":0,"bm":0,"hasMask":false,"ao":0,"ks":{"a":{"a":0,"k":[1.75,1.75,0],"ix":1},"s":{"a":0,"k":[100,100,100],"ix":6},"sk":{"a":0,"k":0},"p":{"a":0,"k":[21.866,28.431,0],"ix":2},"r":{"a":0,"k":0,"ix":10},"sa":{"a":0,"k":0},"o":{"a":0,"k":100,"ix":11}},"ef":[],"shapes":[{"ty":"gr","bm":0,"cl":"","ln":"","hd":false,"mn":"ADBE Vector Group","nm":"Group 1","ix":1,"cix":2,"np":2,"it":[{"ty":"sh","bm":0,"cl":"","ln":"","hd":false,"mn":"ADBE Vector Shape - Group","nm":"Path 1","ix":1,"d":1,"ks":{"a":0,"k":{"c":true,"i":[[0.829,0],[0,-0.829],[-0.829,0],[0,0.828]],"o":[[-0.829,0],[0,0.828],[0.829,0],[0,-0.829]],"v":[[0,-1.5],[-1.5,0],[0,1.5],[1.5,0]]},"ix":2}},{"ty":"fl","bm":0,"cl":"","ln":"","hd":false,"mn":"ADBE Vector Graphic - Fill","nm":"Fill 1","c":{"a":0,"k":[0.9059,0.9059,0.9059],"ix":4},"r":1,"o":{"a":0,"k":100,"ix":5}},{"ty":"tr","a":{"a":0,"k":[0,0],"ix":1},"s":{"a":0,"k":[100,100],"ix":3},"sk":{"a":0,"k":0,"ix":4},"p":{"a":0,"k":[1.75,1.75],"ix":2},"r":{"a":0,"k":0,"ix":6},"sa":{"a":0,"k":0,"ix":5},"o":{"a":0,"k":100,"ix":7}}]}],"ind":2},{"ty":4,"nm":"grain Outlines","mn":"","sr":1,"st":0,"op":270,"ip":0,"hd":false,"cl":"","ln":"","ddd":0,"bm":0,"hasMask":false,"ao":0,"ks":{"a":{"a":0,"k":[1.75,1.75,0],"ix":1},"s":{"a":0,"k":[100,100,100],"ix":6},"sk":{"a":0,"k":0},"p":{"a":0,"k":[14,26.931,0],"ix":2},"r":{"a":0,"k":0,"ix":10},"sa":{"a":0,"k":0},"o":{"a":0,"k":100,"ix":11}},"ef":[],"shapes":[{"ty":"gr","bm":0,"cl":"","ln":"","hd":false,"mn":"ADBE Vector Group","nm":"Group 1","ix":1,"cix":2,"np":2,"it":[{"ty":"sh","bm":0,"cl":"","ln":"","hd":false,"mn":"ADBE Vector Shape - Group","nm":"Path 1","ix":1,"d":1,"ks":{"a":0,"k":{"c":true,"i":[[0.829,0],[0,-0.829],[-0.829,0],[0,0.828]],"o":[[-0.829,0],[0,0.828],[0.829,0],[0,-0.829]],"v":[[0,-1.5],[-1.5,0],[0,1.5],[1.5,0]]},"ix":2}},{"ty":"fl","bm":0,"cl":"","ln":"","hd":false,"mn":"ADBE Vector Graphic - Fill","nm":"Fill 1","c":{"a":0,"k":[0.9059,0.9059,0.9059],"ix":4},"r":1,"o":{"a":0,"k":100,"ix":5}},{"ty":"tr","a":{"a":0,"k":[0,0],"ix":1},"s":{"a":0,"k":[100,100],"ix":3},"sk":{"a":0,"k":0,"ix":4},"p":{"a":0,"k":[1.75,1.75],"ix":2},"r":{"a":0,"k":0,"ix":6},"sa":{"a":0,"k":0,"ix":5},"o":{"a":0,"k":100,"ix":7}}]}],"ind":3},{"ty":4,"nm":"grain Outlines","mn":"","sr":1,"st":0,"op":270,"ip":0,"hd":false,"cl":"","ln":"","ddd":0,"bm":0,"hasMask":false,"ao":0,"ks":{"a":{"a":0,"k":[1.75,1.75,0],"ix":1},"s":{"a":0,"k":[100,100,100],"ix":6},"sk":{"a":0,"k":0},"p":{"a":0,"k":[27.114,21.954,0],"ix":2},"r":{"a":0,"k":0,"ix":10},"sa":{"a":0,"k":0},"o":{"a":0,"k":100,"ix":11}},"ef":[],"shapes":[{"ty":"gr","bm":0,"cl":"","ln":"","hd":false,"mn":"ADBE Vector Group","nm":"Group 1","ix":1,"cix":2,"np":2,"it":[{"ty":"sh","bm":0,"cl":"","ln":"","hd":false,"mn":"ADBE Vector Shape - Group","nm":"Path 1","ix":1,"d":1,"ks":{"a":0,"k":{"c":true,"i":[[0.828,0],[0,-0.829],[-0.828,0],[0,0.828]],"o":[[-0.828,0],[0,0.828],[0.828,0],[0,-0.829]],"v":[[0,-1.5],[-1.5,0],[0,1.5],[1.5,0]]},"ix":2}},{"ty":"fl","bm":0,"cl":"","ln":"","hd":false,"mn":"ADBE Vector Graphic - Fill","nm":"Fill 1","c":{"a":0,"k":[0.9059,0.9059,0.9059],"ix":4},"r":1,"o":{"a":0,"k":100,"ix":5}},{"ty":"tr","a":{"a":0,"k":[0,0],"ix":1},"s":{"a":0,"k":[100,100],"ix":3},"sk":{"a":0,"k":0,"ix":4},"p":{"a":0,"k":[1.75,1.75],"ix":2},"r":{"a":0,"k":0,"ix":6},"sa":{"a":0,"k":0,"ix":5},"o":{"a":0,"k":100,"ix":7}}]}],"ind":4},{"ty":4,"nm":"grain Outlines","mn":"","sr":1,"st":0,"op":270,"ip":0,"hd":false,"cl":"","ln":"","ddd":0,"bm":0,"hasMask":false,"ao":0,"ks":{"a":{"a":0,"k":[1.75,1.75,0],"ix":1},"s":{"a":0,"k":[100,100,100],"ix":6},"sk":{"a":0,"k":0},"p":{"a":0,"k":[18.866,20.54,0],"ix":2},"r":{"a":0,"k":0,"ix":10},"sa":{"a":0,"k":0},"o":{"a":0,"k":100,"ix":11}},"ef":[],"shapes":[{"ty":"gr","bm":0,"cl":"","ln":"","hd":false,"mn":"ADBE Vector Group","nm":"Group 1","ix":1,"cix":2,"np":2,"it":[{"ty":"sh","bm":0,"cl":"","ln":"","hd":false,"mn":"ADBE Vector Shape - Group","nm":"Path 1","ix":1,"d":1,"ks":{"a":0,"k":{"c":true,"i":[[0.829,0],[0,-0.829],[-0.829,0],[0,0.828]],"o":[[-0.829,0],[0,0.828],[0.829,0],[0,-0.829]],"v":[[0,-1.5],[-1.5,0],[0,1.5],[1.5,0]]},"ix":2}},{"ty":"fl","bm":0,"cl":"","ln":"","hd":false,"mn":"ADBE Vector Graphic - Fill","nm":"Fill 1","c":{"a":0,"k":[0.9059,0.9059,0.9059],"ix":4},"r":1,"o":{"a":0,"k":100,"ix":5}},{"ty":"tr","a":{"a":0,"k":[0,0],"ix":1},"s":{"a":0,"k":[100,100],"ix":3},"sk":{"a":0,"k":0,"ix":4},"p":{"a":0,"k":[1.75,1.75],"ix":2},"r":{"a":0,"k":0,"ix":6},"sa":{"a":0,"k":0,"ix":5},"o":{"a":0,"k":100,"ix":7}}]}],"ind":5},{"ty":4,"nm":"rice Outlines","mn":"","sr":1,"st":0,"op":270,"ip":0,"hd":false,"cl":"","ln":"","ddd":0,"bm":0,"hasMask":false,"ao":0,"ks":{"a":{"a":0,"k":[15.413,9.873,0],"ix":1},"s":{"a":0,"k":[100,100,100],"ix":6},"sk":{"a":0,"k":0},"p":{"a":0,"k":[21.498,24.454,0],"ix":2},"r":{"a":0,"k":0,"ix":10},"sa":{"a":0,"k":0},"o":{"a":0,"k":100,"ix":11}},"ef":[],"shapes":[{"ty":"gr","bm":0,"cl":"","ln":"","hd":false,"mn":"ADBE Vector Group","nm":"Group 1","ix":1,"cix":2,"np":2,"it":[{"ty":"sh","bm":0,"cl":"","ln":"","hd":false,"mn":"ADBE Vector Shape - Group","nm":"Path 1","ix":1,"d":1,"ks":{"a":0,"k":{"c":true,"i":[[14.034,0],[-0.713,-0.282],[-3.405,0],[-4.455,1.777]],"o":[[-14.035,0],[4.443,1.765],[3.416,0],[0.676,-0.269]],"v":[[0.018,-9.623],[-14.45,7.149],[-0.017,9.623],[14.487,7.132]]},"ix":2}},{"ty":"fl","bm":0,"cl":"","ln":"","hd":false,"mn":"ADBE Vector Graphic - Fill","nm":"Fill 1","c":{"a":0,"k":[1,1,1],"ix":4},"r":1,"o":{"a":0,"k":100,"ix":5}},{"ty":"tr","a":{"a":0,"k":[0,0],"ix":1},"s":{"a":0,"k":[100,100],"ix":3},"sk":{"a":0,"k":0,"ix":4},"p":{"a":0,"k":[15.413,9.873],"ix":2},"r":{"a":0,"k":0,"ix":6},"sa":{"a":0,"k":0,"ix":5},"o":{"a":0,"k":100,"ix":7}}]}],"ind":6},{"ty":4,"nm":"chopstick Outlines","mn":"","sr":1,"st":0,"op":270,"ip":0,"hd":false,"cl":"","ln":"","ddd":0,"bm":0,"hasMask":false,"ao":0,"ks":{"a":{"a":0,"k":[10.995,13.546,0],"ix":1},"s":{"a":0,"k":[100,100,100],"ix":6},"sk":{"a":0,"k":0},"p":{"a":0,"k":[33.851,13.303,0],"ix":2},"r":{"a":0,"k":0,"ix":10},"sa":{"a":0,"k":0},"o":{"a":0,"k":100,"ix":11}},"ef":[],"shapes":[{"ty":"gr","bm":0,"cl":"","ln":"","hd":false,"mn":"ADBE Vector Group","nm":"Group 1","ix":1,"cix":2,"np":2,"it":[{"ty":"sh","bm":0,"cl":"","ln":"","hd":false,"mn":"ADBE Vector Shape - Group","nm":"Path 1","ix":1,"d":1,"ks":{"a":0,"k":{"c":true,"i":[[-0.003,-0.002],[-0.264,0.314],[0,0],[-0.005,0.007],[0.519,0.354],[0,0],[0.008,0.006],[0.387,-0.506],[0,0],[-0.334,-0.247]],"o":[[0.327,0.234],[0,0],[0.006,-0.007],[0.4,-0.497],[0,0],[-0.008,-0.006],[-0.529,-0.341],[0,0],[-0.256,0.336],[0.002,0.002]],"v":[[-10.343,12.447],[-9.166,12.982],[10.328,-10.969],[10.345,-10.99],[10.13,-12.532],[9.537,-12.938],[9.512,-12.955],[7.854,-12.656],[-10.489,11.405],[-10.351,12.441]]},"ix":2}},{"ty":"fl","bm":0,"cl":"","ln":"","hd":false,"mn":"ADBE Vector Graphic - Fill","nm":"Fill 1","c":{"a":0,"k":[1,0.5647,0.2824],"ix":4},"r":1,"o":{"a":0,"k":100,"ix":5}},{"ty":"tr","a":{"a":0,"k":[0,0],"ix":1},"s":{"a":0,"k":[100,100],"ix":3},"sk":{"a":0,"k":0,"ix":4},"p":{"a":0,"k":[10.995,13.546],"ix":2},"r":{"a":0,"k":0,"ix":6},"sa":{"a":0,"k":0,"ix":5},"o":{"a":0,"k":100,"ix":7}}]}],"ind":7},{"ty":4,"nm":"chopstick Outlines","mn":"","sr":1,"st":0,"op":270,"ip":0,"hd":false,"cl":"","ln":"","ddd":0,"bm":0,"hasMask":false,"ao":0,"ks":{"a":{"a":0,"k":[11.966,12.693,0],"ix":1},"s":{"a":0,"k":[100,100,100],"ix":6},"sk":{"a":0,"k":0},"p":{"a":0,"k":[37.742,16.257,0],"ix":2},"r":{"a":0,"k":0,"ix":10},"sa":{"a":0,"k":0},"o":{"a":0,"k":100,"ix":11}},"ef":[],"shapes":[{"ty":"gr","bm":0,"cl":"","ln":"","hd":false,"mn":"ADBE Vector Group","nm":"Group 1","ix":1,"cix":2,"np":2,"it":[{"ty":"sh","bm":0,"cl":"","ln":"","hd":false,"mn":"ADBE Vector Shape - Group","nm":"Path 1","ix":1,"d":1,"ks":{"a":0,"k":{"c":true,"i":[[-0.003,-0.002],[-0.29,0.289],[0,0],[-0.005,0.006],[0.486,0.398],[0,0],[0.008,0.006],[0.429,-0.471],[0,0],[-0.31,-0.275]],"o":[[0.305,0.263],[0,0],[0.007,-0.007],[0.443,-0.461],[0,0],[-0.008,-0.006],[-0.497,-0.387],[0,0],[-0.283,0.313],[0.002,0.003]],"v":[[-11.378,11.518],[-10.253,12.154],[11.256,-10.007],[11.273,-10.026],[11.195,-11.582],[10.639,-12.038],[10.616,-12.056],[8.939,-11.903],[-11.434,10.467],[-11.385,11.511]]},"ix":2}},{"ty":"fl","bm":0,"cl":"","ln":"","hd":false,"mn":"ADBE Vector Graphic - Fill","nm":"Fill 1","c":{"a":0,"k":[1,0.5647,0.2824],"ix":4},"r":1,"o":{"a":0,"k":100,"ix":5}},{"ty":"tr","a":{"a":0,"k":[0,0],"ix":1},"s":{"a":0,"k":[100,100],"ix":3},"sk":{"a":0,"k":0,"ix":4},"p":{"a":0,"k":[11.966,12.693],"ix":2},"r":{"a":0,"k":0,"ix":6},"sa":{"a":0,"k":0,"ix":5},"o":{"a":0,"k":100,"ix":7}}]}],"ind":8},{"ty":4,"nm":"inner-bowl Outlines","mn":"","sr":1,"st":0,"op":270,"ip":0,"hd":false,"cl":"","ln":"","ddd":0,"bm":0,"hasMask":false,"ao":0,"ks":{"a":{"a":0,"k":[19.239,7.047,0],"ix":1},"s":{"a":0,"k":[100,100,100],"ix":6},"sk":{"a":0,"k":0},"p":{"a":0,"k":[21.5,27.281,0],"ix":2},"r":{"a":0,"k":0,"ix":10},"sa":{"a":0,"k":0},"o":{"a":0,"k":100,"ix":11}},"ef":[],"shapes":[{"ty":"gr","bm":0,"cl":"","ln":"","hd":false,"mn":"ADBE Vector Group","nm":"Group 1","ix":1,"cix":2,"np":2,"it":[{"ty":"sh","bm":0,"cl":"","ln":"","hd":false,"mn":"ADBE Vector Shape - Group","nm":"Path 1","ix":1,"d":1,"ks":{"a":0,"k":{"c":true,"i":[[9.489,0.002],[0,-4.513],[-5.435,0],[0,5.02]],"o":[[-9.5,-0.002],[0,5.02],[5.434,0],[0,-4.507]],"v":[[0.016,-6.794],[-18.988,-0.029],[-0.02,6.796],[18.988,-0.029]]},"ix":2}},{"ty":"fl","bm":0,"cl":"","ln":"","hd":false,"mn":"ADBE Vector Graphic - Fill","nm":"Fill 1","c":{"a":0,"k":[0.3961,0.5098,0.6941],"ix":4},"r":1,"o":{"a":0,"k":100,"ix":5}},{"ty":"tr","a":{"a":0,"k":[0,0],"ix":1},"s":{"a":0,"k":[100,100],"ix":3},"sk":{"a":0,"k":0,"ix":4},"p":{"a":0,"k":[19.239,7.047],"ix":2},"r":{"a":0,"k":0,"ix":6},"sa":{"a":0,"k":0,"ix":5},"o":{"a":0,"k":100,"ix":7}}]}],"ind":9},{"ty":4,"nm":"outer-bowl Outlines","mn":"","sr":1,"st":0,"op":270,"ip":0,"hd":false,"cl":"","ln":"","ddd":0,"bm":0,"hasMask":false,"ao":0,"ks":{"a":{"a":0,"k":[21.75,16.937,0],"ix":1},"s":{"a":0,"k":[100,100,100],"ix":6},"sk":{"a":0,"k":0},"p":{"a":0,"k":[21.5,33.205,0],"ix":2},"r":{"a":0,"k":0,"ix":10},"sa":{"a":0,"k":0},"o":{"a":0,"k":100,"ix":11}},"ef":[],"shapes":[{"ty":"gr","bm":0,"cl":"","ln":"","hd":false,"mn":"ADBE Vector Group","nm":"Group 1","ix":1,"cix":2,"np":2,"it":[{"ty":"sh","bm":0,"cl":"","ln":"","hd":false,"mn":"ADBE Vector Shape - Group","nm":"Path 1","ix":1,"d":1,"ks":{"a":0,"k":{"c":true,"i":[[0,-11.874],[-11.874,0],[0,11.875]],"o":[[0,11.875],[11.874,0],[0,-11.874]],"v":[[-21.5,-4.813],[0,16.687],[21.5,-4.813]]},"ix":2}},{"ty":"fl","bm":0,"cl":"","ln":"","hd":false,"mn":"ADBE Vector Graphic - Fill","nm":"Fill 1","c":{"a":0,"k":[0.502,0.5882,0.7216],"ix":4},"r":1,"o":{"a":0,"k":100,"ix":5}},{"ty":"tr","a":{"a":0,"k":[0,0],"ix":1},"s":{"a":0,"k":[100,100],"ix":3},"sk":{"a":0,"k":0,"ix":4},"p":{"a":0,"k":[21.75,16.937],"ix":2},"r":{"a":0,"k":0,"ix":6},"sa":{"a":0,"k":0,"ix":5},"o":{"a":0,"k":100,"ix":7}}]}],"ind":10}],"id":"comp_0"},{"nm":"","mn":"","layers":[{"ty":4,"nm":"Layer 2 Outlines","mn":"","sr":1,"st":0,"op":270,"ip":0,"hd":false,"cl":"","ln":"","ddd":0,"bm":0,"hasMask":false,"ao":0,"ks":{"a":{"a":0,"k":[31.472,18.479,0],"ix":1},"s":{"a":0,"k":[100,100,100],"ix":6},"sk":{"a":0,"k":0},"p":{"a":0,"k":[36.421,14.249,0],"ix":2},"r":{"a":0,"k":0,"ix":10},"sa":{"a":0,"k":0},"o":{"a":0,"k":100,"ix":11}},"ef":[],"shapes":[{"ty":"gr","bm":0,"cl":"","ln":"","hd":false,"mn":"ADBE Vector Group","nm":"Group 1","ix":1,"cix":2,"np":2,"it":[{"ty":"sh","bm":0,"cl":"","ln":"","hd":false,"mn":"ADBE Vector Shape - Group","nm":"Path 1","ix":1,"d":1,"ks":{"a":0,"k":{"c":true,"i":[[-4.857,0],[0,5.113],[11.636,0],[-4.174,-4.648],[-7.021,-0.627]],"o":[[11.637,0],[0,-5.113],[-11.636,0],[4.043,4.5],[5.034,0.449]],"v":[[10.077,11.48],[24.472,0.396],[7.687,-11.48],[-20.298,5.988],[-5.11,5.988]]},"ix":2}},{"ty":"st","bm":0,"cl":"","ln":"","hd":false,"mn":"ADBE Vector Graphic - Stroke","nm":"Stroke 1","lc":1,"lj":1,"ml":10,"o":{"a":0,"k":100,"ix":4},"w":{"a":0,"k":1.5,"ix":5},"d":[],"c":{"a":0,"k":[1,1,1],"ix":3}},{"ty":"tr","a":{"a":0,"k":[0,0],"ix":1},"s":{"a":0,"k":[100,100],"ix":3},"sk":{"a":0,"k":0,"ix":4},"p":{"a":0,"k":[31.472,18.479],"ix":2},"r":{"a":0,"k":0,"ix":6},"sa":{"a":0,"k":0,"ix":5},"o":{"a":0,"k":100,"ix":7}}]}],"ind":1},{"ty":4,"nm":"Layer 3 Outlines","mn":"","sr":1,"st":0,"op":270,"ip":0,"hd":false,"cl":"","ln":"","ddd":0,"bm":0,"hasMask":false,"ao":0,"ks":{"a":{"a":0,"k":[11.8,6.55,0],"ix":1},"s":{"a":0,"k":[100,100,100],"ix":6},"sk":{"a":0,"k":0},"p":{"a":0,"k":[41.383,14.949,0],"ix":2},"r":{"a":0,"k":0,"ix":10},"sa":{"a":0,"k":0},"o":{"a":0,"k":100,"ix":11}},"ef":[],"shapes":[{"ty":"gr","bm":0,"cl":"","ln":"","hd":false,"mn":"ADBE Vector Group","nm":"Group 1","ix":1,"cix":2,"np":2,"it":[{"ty":"sh","bm":0,"cl":"","ln":"","hd":false,"mn":"ADBE Vector Shape - Group","nm":"Path 1","ix":1,"d":1,"ks":{"a":0,"k":{"c":true,"i":[[0.773,0],[2.899,-0.885],[1.989,0],[5.581,-1.795],[0,-0.209],[-0.003,-0.016],[-0.162,0.026],[-2.794,0],[-1.804,-0.428],[-0.049,-0.011],[0.105,-0.682],[-0.603,0],[0,3.48]],"o":[[-0.562,0],[-1.964,-0.483],[-2.713,0],[-0.198,0.064],[0,0.016],[0.026,0.162],[5.551,-0.896],[1.932,0],[0.033,0.08],[2.303,0.481],[-0.366,2.4],[0.773,0],[0,-3.479]],"v":[[8.05,-6.3],[7.154,-2.766],[1.224,-3.5],[-11.217,-0.808],[-11.55,-0.35],[-11.546,-0.302],[-11.205,-0.056],[1.313,-1.4],[6.916,-0.751],[7.037,-0.601],[8.573,2.19],[8.05,6.3],[11.55,0]]},"ix":2}},{"ty":"fl","bm":0,"cl":"","ln":"","hd":false,"mn":"ADBE Vector Graphic - Fill","nm":"Fill 1","c":{"a":0,"k":[1,1,1],"ix":4},"r":1,"o":{"a":0,"k":100,"ix":5}},{"ty":"tr","a":{"a":0,"k":[0,0],"ix":1},"s":{"a":0,"k":[100,100],"ix":3},"sk":{"a":0,"k":0,"ix":4},"p":{"a":0,"k":[11.8,6.55],"ix":2},"r":{"a":0,"k":0,"ix":6},"sa":{"a":0,"k":0,"ix":5},"o":{"a":0,"k":100,"ix":7}}]}],"ind":2},{"ty":4,"nm":"Layer 5 Outlines","mn":"","sr":1,"st":0,"op":270,"ip":0,"hd":false,"cl":"","ln":"","ddd":0,"bm":0,"hasMask":false,"ao":0,"ks":{"a":{"a":0,"k":[29.477,15.012,0],"ix":1},"s":{"a":0,"k":[100,100,100],"ix":6},"sk":{"a":0,"k":0},"p":{"a":0,"k":[35.83,14.763,0],"ix":2},"r":{"a":0,"k":0,"ix":10},"sa":{"a":0,"k":0},"o":{"a":0,"k":100,"ix":11}},"ef":[],"shapes":[{"ty":"gr","bm":0,"cl":"","ln":"","hd":false,"mn":"ADBE Vector Group","nm":"Group 1","ix":1,"cix":2,"np":2,"it":[{"ty":"sh","bm":0,"cl":"","ln":"","hd":false,"mn":"ADBE Vector Shape - Group","nm":"Path 1","ix":1,"d":1,"ks":{"a":0,"k":{"c":true,"i":[[-8.529,-0.829],[-7.493,0],[0,6.76],[14.134,0],[-5.498,-6.037]],"o":[[6.114,0.594],[14.134,0],[0,-6.762],[-14.133,0],[5.854,6.428]],"v":[[-5.646,8.342],[11.261,14.762],[29.227,0.941],[8.839,-14.762],[-23.729,7.352]]},"ix":2}},{"ty":"fl","bm":0,"cl":"","ln":"","hd":false,"mn":"ADBE Vector Graphic - Fill","nm":"Fill 1","c":{"a":0,"k":[0.8706,0.5412,0.3216],"ix":4},"r":1,"o":{"a":0,"k":100,"ix":5}},{"ty":"tr","a":{"a":0,"k":[0,0],"ix":1},"s":{"a":0,"k":[100,100],"ix":3},"sk":{"a":0,"k":0,"ix":4},"p":{"a":0,"k":[29.477,15.012],"ix":2},"r":{"a":0,"k":0,"ix":6},"sa":{"a":0,"k":0,"ix":5},"o":{"a":0,"k":100,"ix":7}}]}],"ind":3},{"ty":4,"nm":"Layer 6 Outlines","mn":"","sr":1,"st":0,"op":270,"ip":0,"hd":false,"cl":"","ln":"","ddd":0,"bm":0,"hasMask":false,"ao":0,"ks":{"a":{"a":0,"k":[1.769,5.955,0],"ix":1},"s":{"a":0,"k":[100,100,100],"ix":6},"sk":{"a":0,"k":0},"p":{"a":0,"k":[13.33,13.666,0],"ix":2},"r":{"a":0,"k":0,"ix":10},"sa":{"a":0,"k":0},"o":{"a":0,"k":100,"ix":11}},"ef":[],"shapes":[{"ty":"gr","bm":0,"cl":"","ln":"","hd":false,"mn":"ADBE Vector Group","nm":"Group 1","ix":1,"cix":2,"np":2,"it":[{"ty":"sh","bm":0,"cl":"","ln":"","hd":false,"mn":"ADBE Vector Shape - Group","nm":"Path 1","ix":1,"d":1,"ks":{"a":0,"k":{"c":true,"i":[[0.241,0.022],[0.018,-0.001],[0,0],[0.026,-0.248],[-0.052,-1.471],[-1.308,-2.091],[-0.179,0.007],[0,0],[0.006,0.162],[0.025,0.042],[0.047,1.343],[-0.206,2.203]],"o":[[-0.019,-0.001],[0,0],[-0.25,0.009],[-0.212,2.07],[0.053,1.514],[0.095,0.151],[0,0],[0.162,-0.006],[-0.001,-0.05],[-1.245,-2.1],[-0.047,-1.335],[0.022,-0.242]],"v":[[-0.622,-5.703],[-0.678,-5.704],[-0.745,-5.702],[-1.225,-5.254],[-1.467,0.056],[0.574,5.464],[1.016,5.698],[1.23,5.692],[1.512,5.388],[1.473,5.248],[-0.464,0.082],[-0.227,-5.225]]},"ix":2}},{"ty":"fl","bm":0,"cl":"","ln":"","hd":false,"mn":"ADBE Vector Graphic - Fill","nm":"Fill 1","c":{"a":0,"k":[1,1,1],"ix":4},"r":1,"o":{"a":0,"k":100,"ix":5}},{"ty":"tr","a":{"a":0,"k":[0,0],"ix":1},"s":{"a":0,"k":[100,100],"ix":3},"sk":{"a":0,"k":0,"ix":4},"p":{"a":0,"k":[1.769,5.955],"ix":2},"r":{"a":0,"k":0,"ix":6},"sa":{"a":0,"k":0,"ix":5},"o":{"a":0,"k":100,"ix":7}}]}],"ind":4},{"ty":4,"nm":"Layer 7 Outlines","mn":"","sr":1,"st":0,"op":270,"ip":0,"hd":false,"cl":"","ln":"","ddd":0,"bm":0,"hasMask":false,"ao":0,"ks":{"a":{"a":0,"k":[5.773,2.689,0],"ix":1},"s":{"a":0,"k":[100,100,100],"ix":6},"sk":{"a":0,"k":0},"p":{"a":0,"k":[8.638,18.563,0],"ix":2},"r":{"a":0,"k":0,"ix":10},"sa":{"a":0,"k":0},"o":{"a":0,"k":100,"ix":11}},"ef":[],"shapes":[{"ty":"gr","bm":0,"cl":"","ln":"","hd":false,"mn":"ADBE Vector Group","nm":"Group 1","ix":1,"cix":2,"np":2,"it":[{"ty":"sh","bm":0,"cl":"","ln":"","hd":false,"mn":"ADBE Vector Shape - Group","nm":"Path 1","ix":1,"d":1,"ks":{"a":0,"k":{"c":true,"i":[[-0.084,0.158],[0,0],[0.143,0.076],[0.05,0],[1.187,0.63],[1.805,1.28],[0.14,-0.198],[0.009,-0.017],[0,0],[-0.203,-0.146],[-1.299,-0.691],[-2.465,0.088],[0,0]],"o":[[0,0],[0.076,-0.144],[-0.044,-0.022],[-2.441,0.027],[-1.18,-0.627],[-0.198,-0.139],[-0.011,0.015],[0,0],[-0.117,0.22],[1.685,1.22],[1.337,0.711],[0,0],[0.178,-0.007]],"v":[[5.348,2.086],[5.447,1.898],[5.326,1.5],[5.184,1.466],[-0.258,0.561],[-4.734,-2.3],[-5.346,-2.195],[-5.376,-2.147],[-5.406,-2.089],[-5.257,-1.45],[-0.781,1.415],[4.923,2.351],[4.923,2.352]]},"ix":2}},{"ty":"fl","bm":0,"cl":"","ln":"","hd":false,"mn":"ADBE Vector Graphic - Fill","nm":"Fill 1","c":{"a":0,"k":[1,1,1],"ix":4},"r":1,"o":{"a":0,"k":100,"ix":5}},{"ty":"tr","a":{"a":0,"k":[0,0],"ix":1},"s":{"a":0,"k":[100,100],"ix":3},"sk":{"a":0,"k":0,"ix":4},"p":{"a":0,"k":[5.773,2.689],"ix":2},"r":{"a":0,"k":0,"ix":6},"sa":{"a":0,"k":0,"ix":5},"o":{"a":0,"k":100,"ix":7}}]}],"ind":5},{"ty":4,"nm":"Layer 8 Outlines","mn":"","sr":1,"st":0,"op":270,"ip":0,"hd":false,"cl":"","ln":"","ddd":0,"bm":0,"hasMask":false,"ao":0,"ks":{"a":{"a":0,"k":[14.401,9.414,0],"ix":1},"s":{"a":0,"k":[100,100,100],"ix":6},"sk":{"a":0,"k":0},"p":{"a":0,"k":[13.232,14.174,0],"ix":2},"r":{"a":0,"k":0,"ix":10},"sa":{"a":0,"k":0},"o":{"a":0,"k":100,"ix":11}},"ef":[],"shapes":[{"ty":"gr","bm":0,"cl":"","ln":"","hd":false,"mn":"ADBE Vector Group","nm":"Group 1","ix":1,"cix":2,"np":4,"it":[{"ty":"sh","bm":0,"cl":"","ln":"","hd":false,"mn":"ADBE Vector Shape - Group","nm":"Path 1","ix":1,"d":1,"ks":{"a":0,"k":{"c":true,"i":[[-1.368,0],[0,5.17],[0,1.41],[3.038,0],[0,-4.971],[3.218,-1.5],[-2.816,-1.932]],"o":[[2.175,0],[0,-1.211],[0,-4.971],[-3.038,0],[0,0.844],[-1.441,0.672],[3.342,2.293]],"v":[[-0.585,8.835],[13.692,-0.587],[4.915,-0.165],[-0.585,-9.165],[-4.128,-0.275],[-13.169,-0.275],[-10.085,6.872]]},"ix":2}},{"ty":"fl","bm":0,"cl":"","ln":"","hd":false,"mn":"ADBE Vector Graphic - Fill","nm":"Fill 1","c":{"a":0,"k":[0.251,0.3843,0.5804],"ix":4},"r":1,"o":{"a":0,"k":100,"ix":5}},{"ty":"tr","a":{"a":0,"k":[0,0],"ix":1},"s":{"a":0,"k":[100,100],"ix":3},"sk":{"a":0,"k":0,"ix":4},"p":{"a":0,"k":[14.86,9.414],"ix":2},"r":{"a":0,"k":0,"ix":6},"sa":{"a":0,"k":0,"ix":5},"o":{"a":0,"k":100,"ix":7}}]}],"ind":6},{"ty":4,"nm":"Layer 9 Outlines","mn":"","sr":1,"st":0,"op":270,"ip":0,"hd":false,"cl":"","ln":"","ddd":0,"bm":0,"hasMask":false,"ao":0,"ks":{"a":{"a":0,"k":[1.769,5.955,0],"ix":1},"s":{"a":0,"k":[100,100,100],"ix":6},"sk":{"a":0,"k":0},"p":{"a":0,"k":[65.893,16.666,0],"ix":2},"r":{"a":0,"k":0,"ix":10},"sa":{"a":0,"k":0},"o":{"a":0,"k":100,"ix":11}},"ef":[],"shapes":[{"ty":"gr","bm":0,"cl":"","ln":"","hd":false,"mn":"ADBE Vector Group","nm":"Group 1","ix":1,"cix":2,"np":2,"it":[{"ty":"sh","bm":0,"cl":"","ln":"","hd":false,"mn":"ADBE Vector Shape - Group","nm":"Path 1","ix":1,"d":1,"ks":{"a":0,"k":{"c":true,"i":[[1.244,-2.101],[0.002,-0.05],[-0.162,-0.006],[0,0],[-0.094,0.151],[-0.052,1.513],[0.213,2.069],[0.249,0.009],[0,0],[0.018,-0.002],[-0.023,-0.241],[0.046,-1.334]],"o":[[-0.025,0.042],[-0.006,0.162],[0,0],[0.179,0.007],[1.308,-2.092],[0.052,-1.471],[-0.025,-0.248],[0,0],[-0.018,0],[-0.241,0.022],[0.205,2.203],[-0.046,1.345]],"v":[[-1.471,5.248],[-1.512,5.388],[-1.23,5.691],[-1.016,5.698],[-0.574,5.464],[1.467,0.056],[1.225,-5.254],[0.745,-5.702],[0.678,-5.705],[0.624,-5.703],[0.228,-5.226],[0.465,0.081]]},"ix":2}},{"ty":"fl","bm":0,"cl":"","ln":"","hd":false,"mn":"ADBE Vector Graphic - Fill","nm":"Fill 1","c":{"a":0,"k":[1,1,1],"ix":4},"r":1,"o":{"a":0,"k":100,"ix":5}},{"ty":"tr","a":{"a":0,"k":[0,0],"ix":1},"s":{"a":0,"k":[100,100],"ix":3},"sk":{"a":0,"k":0,"ix":4},"p":{"a":0,"k":[1.769,5.955],"ix":2},"r":{"a":0,"k":0,"ix":6},"sa":{"a":0,"k":0,"ix":5},"o":{"a":0,"k":100,"ix":7}}]}],"ind":7},{"ty":4,"nm":"Layer 10 Outlines","mn":"","sr":1,"st":0,"op":270,"ip":0,"hd":false,"cl":"","ln":"","ddd":0,"bm":0,"hasMask":false,"ao":0,"ks":{"a":{"a":0,"k":[5.774,2.689,0],"ix":1},"s":{"a":0,"k":[100,100,100],"ix":6},"sk":{"a":0,"k":0},"p":{"a":0,"k":[70.585,21.563,0],"ix":2},"r":{"a":0,"k":0,"ix":10},"sa":{"a":0,"k":0},"o":{"a":0,"k":100,"ix":11}},"ef":[],"shapes":[{"ty":"gr","bm":0,"cl":"","ln":"","hd":false,"mn":"ADBE Vector Group","nm":"Group 1","ix":1,"cix":2,"np":2,"it":[{"ty":"sh","bm":0,"cl":"","ln":"","hd":false,"mn":"ADBE Vector Shape - Group","nm":"Path 1","ix":1,"d":1,"ks":{"a":0,"k":{"c":true,"i":[[2.441,0.027],[0.043,-0.022],[-0.076,-0.144],[0,0],[-0.179,-0.007],[0,0],[-1.337,0.711],[-1.685,1.219],[0.117,0.221],[0,0],[0.011,0.015],[0.197,-0.139],[1.179,-0.627]],"o":[[-0.049,0],[-0.143,0.076],[0,0],[0.084,0.158],[0,0],[2.465,0.088],[1.3,-0.691],[0.203,-0.147],[0,0],[-0.009,-0.017],[-0.139,-0.197],[-1.805,1.28],[-1.187,0.631]],"v":[[-5.185,1.466],[-5.326,1.5],[-5.448,1.898],[-5.347,2.086],[-4.923,2.352],[-4.923,2.351],[0.781,1.415],[5.258,-1.449],[5.407,-2.09],[5.376,-2.147],[5.346,-2.195],[4.735,-2.3],[0.258,0.561]]},"ix":2}},{"ty":"fl","bm":0,"cl":"","ln":"","hd":false,"mn":"ADBE Vector Graphic - Fill","nm":"Fill 1","c":{"a":0,"k":[1,1,1],"ix":4},"r":1,"o":{"a":0,"k":100,"ix":5}},{"ty":"tr","a":{"a":0,"k":[0,0],"ix":1},"s":{"a":0,"k":[100,100],"ix":3},"sk":{"a":0,"k":0,"ix":4},"p":{"a":0,"k":[5.774,2.689],"ix":2},"r":{"a":0,"k":0,"ix":6},"sa":{"a":0,"k":0,"ix":5},"o":{"a":0,"k":100,"ix":7}}]}],"ind":8},{"ty":4,"nm":"Layer 11 Outlines","mn":"","sr":1,"st":0,"op":270,"ip":0,"hd":false,"cl":"","ln":"","ddd":0,"bm":0,"hasMask":false,"ao":0,"ks":{"a":{"a":0,"k":[14.401,9.415,0],"ix":1},"s":{"a":0,"k":[100,100,100],"ix":6},"sk":{"a":0,"k":0},"p":{"a":0,"k":[65.992,17.173,0],"ix":2},"r":{"a":0,"k":0,"ix":10},"sa":{"a":0,"k":0},"o":{"a":0,"k":100,"ix":11}},"ef":[],"shapes":[{"ty":"gr","bm":0,"cl":"","ln":"","hd":false,"mn":"ADBE Vector Group","nm":"Group 1","ix":1,"cix":2,"np":4,"it":[{"ty":"sh","bm":0,"cl":"","ln":"","hd":false,"mn":"ADBE Vector Shape - Group","nm":"Path 1","ix":1,"d":1,"ks":{"a":0,"k":{"c":true,"i":[[-3.342,2.293],[1.442,0.671],[0,0.844],[3.038,0],[0,-4.97],[0,-1.211],[-2.175,0]],"o":[[2.817,-1.933],[-3.218,-1.5],[0,-4.971],[-3.037,0],[0,1.411],[0,5.17],[1.369,0]],"v":[[10.085,6.872],[13.169,-0.274],[4.129,-0.274],[0.585,-9.165],[-4.915,-0.165],[-13.691,-0.586],[0.585,8.836]]},"ix":2}},{"ty":"fl","bm":0,"cl":"","ln":"","hd":false,"mn":"ADBE Vector Graphic - Fill","nm":"Fill 1","c":{"a":0,"k":[0.251,0.3843,0.5804],"ix":4},"r":1,"o":{"a":0,"k":100,"ix":5}},{"ty":"tr","a":{"a":0,"k":[0,0],"ix":1},"s":{"a":0,"k":[100,100],"ix":3},"sk":{"a":0,"k":0,"ix":4},"p":{"a":0,"k":[13.941,9.415],"ix":2},"r":{"a":0,"k":0,"ix":6},"sa":{"a":0,"k":0,"ix":5},"o":{"a":0,"k":100,"ix":7}}]}],"ind":9},{"ty":4,"nm":"Layer 12 Outlines","mn":"","sr":1,"st":0,"op":270,"ip":0,"hd":false,"cl":"","ln":"","ddd":0,"bm":0,"hasMask":false,"ao":0,"ks":{"a":{"a":0,"k":[28.415,5.216,0],"ix":1},"s":{"a":0,"k":[100,100,100],"ix":6},"sk":{"a":0,"k":0},"p":{"a":0,"k":[37.367,25.269,0],"ix":2},"r":{"a":0,"k":0,"ix":10},"sa":{"a":0,"k":0},"o":{"a":0,"k":100,"ix":11}},"ef":[],"shapes":[{"ty":"gr","bm":0,"cl":"","ln":"","hd":false,"mn":"ADBE Vector Group","nm":"Group 1","ix":1,"cix":2,"np":2,"it":[{"ty":"sh","bm":0,"cl":"","ln":"","hd":false,"mn":"ADBE Vector Shape - Group","nm":"Path 1","ix":1,"d":1,"ks":{"a":0,"k":{"c":true,"i":[[0,3.668],[14.076,0.002],[0,-3.298],[-8.061,0]],"o":[[0,-3.294],[-14.09,-0.001],[0,3.668],[8.061,0]],"v":[[28.165,-0.021],[0.023,-4.965],[-28.165,-0.021],[-0.029,4.967]]},"ix":2}},{"ty":"fl","bm":0,"cl":"","ln":"","hd":false,"mn":"ADBE Vector Graphic - Fill","nm":"Fill 1","c":{"a":0,"k":[0.3804,0.498,0.6863],"ix":4},"r":1,"o":{"a":0,"k":100,"ix":5}},{"ty":"tr","a":{"a":0,"k":[0,0],"ix":1},"s":{"a":0,"k":[100,100],"ix":3},"sk":{"a":0,"k":0,"ix":4},"p":{"a":0,"k":[28.416,5.217],"ix":2},"r":{"a":0,"k":0,"ix":6},"sa":{"a":0,"k":0,"ix":5},"o":{"a":0,"k":100,"ix":7}}]}],"ind":10},{"ty":4,"nm":"Layer 13 Outlines","mn":"","sr":1,"st":0,"op":270,"ip":0,"hd":false,"cl":"","ln":"","ddd":0,"bm":0,"hasMask":false,"ao":0,"ks":{"a":{"a":0,"k":[34.265,7.047,0],"ix":1},"s":{"a":0,"k":[100,100,100],"ix":6},"sk":{"a":0,"k":0},"p":{"a":0,"k":[37.367,26.097,0],"ix":2},"r":{"a":0,"k":0,"ix":10},"sa":{"a":0,"k":0},"o":{"a":0,"k":100,"ix":11}},"ef":[],"shapes":[{"ty":"gr","bm":0,"cl":"","ln":"","hd":false,"mn":"ADBE Vector Group","nm":"Group 1","ix":1,"cix":2,"np":2,"it":[{"ty":"sh","bm":0,"cl":"","ln":"","hd":false,"mn":"ADBE Vector Shape - Group","nm":"Path 1","ix":1,"d":1,"ks":{"a":0,"k":{"c":true,"i":[[0,5.02],[16.998,0.003],[0,-4.513],[-9.735,0]],"o":[[0,-4.508],[-17.017,-0.002],[0,5.02],[9.736,0]],"v":[[34.015,-0.029],[0.028,-6.794],[-34.015,-0.029],[-0.035,6.796]]},"ix":2}},{"ty":"fl","bm":0,"cl":"","ln":"","hd":false,"mn":"ADBE Vector Graphic - Fill","nm":"Fill 1","c":{"a":0,"k":[0.502,0.5882,0.7216],"ix":4},"r":1,"o":{"a":0,"k":100,"ix":5}},{"ty":"tr","a":{"a":0,"k":[0,0],"ix":1},"s":{"a":0,"k":[100,100],"ix":3},"sk":{"a":0,"k":0,"ix":4},"p":{"a":0,"k":[34.265,7.046],"ix":2},"r":{"a":0,"k":0,"ix":6},"sa":{"a":0,"k":0,"ix":5},"o":{"a":0,"k":100,"ix":7}}]}],"ind":11},{"ty":4,"nm":"Layer 14 Outlines","mn":"","sr":1,"st":0,"op":270,"ip":0,"hd":false,"cl":"","ln":"","ddd":0,"bm":0,"hasMask":false,"ao":0,"ks":{"a":{"a":0,"k":[28.415,8.702,0],"ix":1},"s":{"a":0,"k":[100,100,100],"ix":6},"sk":{"a":0,"k":0},"p":{"a":0,"k":[37.367,26.426,0],"ix":2},"r":{"a":0,"k":0,"ix":10},"sa":{"a":0,"k":0},"o":{"a":0,"k":100,"ix":11}},"ef":[],"shapes":[{"ty":"gr","bm":0,"cl":"","ln":"","hd":false,"mn":"ADBE Vector Group","nm":"Group 1","ix":1,"cix":2,"np":4,"it":[{"ty":"sh","bm":0,"cl":"","ln":"","hd":false,"mn":"ADBE Vector Shape - Group","nm":"Path 1","ix":1,"d":1,"ks":{"a":0,"k":{"c":true,"i":[[0,6.475],[0,-6.475],[-15.555,0]],"o":[[0,-6.475],[0,6.475],[15.556,0]],"v":[[28.165,-1.977],[-28.165,-1.977],[-0.001,8.453]]},"ix":2}},{"ty":"fl","bm":0,"cl":"","ln":"","hd":false,"mn":"ADBE Vector Graphic - Fill","nm":"Fill 1","c":{"a":0,"k":[0.3804,0.498,0.6863],"ix":4},"r":1,"o":{"a":0,"k":100,"ix":5}},{"ty":"tr","a":{"a":0,"k":[0,0],"ix":1},"s":{"a":0,"k":[100,100],"ix":3},"sk":{"a":0,"k":0,"ix":4},"p":{"a":0,"k":[28.416,8.702],"ix":2},"r":{"a":0,"k":0,"ix":6},"sa":{"a":0,"k":0,"ix":5},"o":{"a":0,"k":100,"ix":7}}]}],"ind":12}],"id":"comp_1"},{"nm":"","mn":"","layers":[{"ty":4,"nm":"yolk Outlines","mn":"","sr":1,"st":0,"op":270,"ip":0,"hd":false,"cl":"","ln":"","ddd":0,"bm":0,"hasMask":false,"ao":0,"ks":{"a":{"a":0,"k":[7.75,4.75,0],"ix":1},"s":{"a":0,"k":[100,100,100],"ix":6},"sk":{"a":0,"k":0},"p":{"a":0,"k":[36.335,20.07,0],"ix":2},"r":{"a":0,"k":0,"ix":10},"sa":{"a":0,"k":0},"o":{"a":0,"k":100,"ix":11}},"ef":[],"shapes":[{"ty":"gr","bm":0,"cl":"","ln":"","hd":false,"mn":"ADBE Vector Group","nm":"Group 1","ix":1,"cix":2,"np":2,"it":[{"ty":"sh","bm":0,"cl":"","ln":"","hd":false,"mn":"ADBE Vector Shape - Group","nm":"Path 1","ix":1,"d":1,"ks":{"a":0,"k":{"c":true,"i":[[0,2.485],[4.143,0],[0,-2.485],[-4.142,0]],"o":[[0,-2.485],[-4.142,0],[0,2.485],[4.143,0]],"v":[[7.5,0],[0,-4.5],[-7.5,0],[0,4.5]]},"ix":2}},{"ty":"fl","bm":0,"cl":"","ln":"","hd":false,"mn":"ADBE Vector Graphic - Fill","nm":"Fill 1","c":{"a":0,"k":[1,0.7412,0.2745],"ix":4},"r":1,"o":{"a":0,"k":100,"ix":5}},{"ty":"tr","a":{"a":0,"k":[0,0],"ix":1},"s":{"a":0,"k":[100,100],"ix":3},"sk":{"a":0,"k":0,"ix":4},"p":{"a":0,"k":[7.75,4.75],"ix":2},"r":{"a":0,"k":0,"ix":6},"sa":{"a":0,"k":0,"ix":5},"o":{"a":0,"k":100,"ix":7}}]}],"ind":1},{"ty":4,"nm":"eggwhite Outlines","mn":"","sr":1,"st":0,"op":270,"ip":0,"hd":false,"cl":"","ln":"","ddd":0,"bm":0,"hasMask":false,"ao":0,"ks":{"a":{"a":0,"k":[22.75,10.75,0],"ix":1},"s":{"a":0,"k":[100,100,100],"ix":6},"sk":{"a":0,"k":0},"p":{"a":0,"k":[36.835,24.5,0],"ix":2},"r":{"a":0,"k":0,"ix":10},"sa":{"a":0,"k":0},"o":{"a":0,"k":100,"ix":11}},"ef":[],"shapes":[{"ty":"gr","bm":0,"cl":"","ln":"","hd":false,"mn":"ADBE Vector Group","nm":"Group 1","ix":1,"cix":2,"np":2,"it":[{"ty":"sh","bm":0,"cl":"","ln":"","hd":false,"mn":"ADBE Vector Shape - Group","nm":"Path 1","ix":1,"d":1,"ks":{"a":0,"k":{"c":true,"i":[[-6.757,0],[-4.081,1.933],[0,2.872],[12.427,0],[0,-5.799],[-3.46,-1.847]],"o":[[6.272,0],[4.003,-1.895],[0,-5.799],[-12.426,0],[0,2.646],[4.125,2.201]],"v":[[0,10.5],[12.327,5.146],[22.5,0],[0,-10.5],[-22.5,0],[-8.27,6.633]]},"ix":2}},{"ty":"fl","bm":0,"cl":"","ln":"","hd":false,"mn":"ADBE Vector Graphic - Fill","nm":"Fill 1","c":{"a":0,"k":[1,1,1],"ix":4},"r":1,"o":{"a":0,"k":100,"ix":5}},{"ty":"tr","a":{"a":0,"k":[0,0],"ix":1},"s":{"a":0,"k":[100,100],"ix":3},"sk":{"a":0,"k":0,"ix":4},"p":{"a":0,"k":[22.75,10.75],"ix":2},"r":{"a":0,"k":0,"ix":6},"sa":{"a":0,"k":0,"ix":5},"o":{"a":0,"k":100,"ix":7}}]}],"ind":2},{"ty":4,"nm":"croissant-mid Outlines","mn":"","sr":1,"st":0,"op":270,"ip":0,"hd":false,"cl":"","ln":"","ddd":0,"bm":0,"hasMask":false,"ao":0,"ks":{"a":{"a":0,"k":[5.584,5.871,0],"ix":1},"s":{"a":0,"k":[100,100,100],"ix":6},"sk":{"a":0,"k":0},"p":{"a":0,"k":[12.334,18.954,0],"ix":2},"r":{"a":0,"k":0,"ix":10},"sa":{"a":0,"k":0},"o":{"a":0,"k":100,"ix":11}},"ef":[],"shapes":[{"ty":"gr","bm":0,"cl":"","ln":"","hd":false,"mn":"ADBE Vector Group","nm":"Group 1","ix":1,"cix":2,"np":4,"it":[{"ty":"sh","bm":0,"cl":"","ln":"","hd":false,"mn":"ADBE Vector Shape - Group","nm":"Path 1","ix":1,"d":1,"ks":{"a":0,"k":{"c":true,"i":[[1.282,0],[0.089,-0.01],[0,0],[0.42,-0.519],[-0.07,-0.664],[0,0],[-2.564,0],[-0.178,0.019],[0.288,2.742],[0,0]],"o":[[-0.087,0],[0,0],[-0.664,0.07],[-0.42,0.519],[0,0],[0.269,2.553],[0.174,0],[2.742,-0.288],[0,0],[-0.134,-1.277]],"v":[[2.197,-5.622],[1.932,-5.607],[-3.04,-5.085],[-4.721,-4.173],[-5.264,-2.337],[-4.9,1.143],[0.068,5.622],[0.596,5.592],[5.046,0.098],[4.68,-3.383]]},"ix":2}},{"ty":"sh","bm":0,"cl":"","ln":"","hd":false,"mn":"ADBE Vector Shape - Group","nm":"Path 2","ix":2,"d":1,"ks":{"a":0,"k":{"c":true,"i":[[-0.07,0],[-0.108,-1.027],[0,0],[2.471,-0.259],[0.157,0],[0.243,2.312],[0,0],[-1.099,0.115],[0,0]],"o":[[1.011,0],[0,0],[0.259,2.472],[-0.16,0.017],[-2.274,0],[0,0],[-0.116,-1.098],[0,0],[0.071,-0.008]],"v":[[2.197,-5.122],[4.184,-3.331],[4.549,0.15],[0.544,5.096],[0.068,5.122],[-4.402,1.09],[-4.768,-2.391],[-2.988,-4.587],[1.986,-5.111]]},"ix":2}},{"ty":"mm","bm":0,"cl":"","ln":"","hd":false,"mn":"ADBE Vector Filter - Merge","nm":"Merge Paths 1","mm":1},{"ty":"fl","bm":0,"cl":"","ln":"","hd":false,"mn":"ADBE Vector Graphic - Fill","nm":"Fill 1","c":{"a":0,"k":[0.9608,0.8118,0.5843],"ix":4},"r":1,"o":{"a":0,"k":100,"ix":5}},{"ty":"tr","a":{"a":0,"k":[0,0],"ix":1},"s":{"a":0,"k":[100,100],"ix":3},"sk":{"a":0,"k":0,"ix":4},"p":{"a":0,"k":[5.584,5.871],"ix":2},"r":{"a":0,"k":0,"ix":6},"sa":{"a":0,"k":0,"ix":5},"o":{"a":0,"k":100,"ix":7}}]},{"ty":"gr","bm":0,"cl":"","ln":"","hd":false,"mn":"ADBE Vector Group","nm":"Group 2","ix":2,"cix":2,"np":2,"it":[{"ty":"sh","bm":0,"cl":"","ln":"","hd":false,"mn":"ADBE Vector Shape - Group","nm":"Path 1","ix":1,"d":1,"ks":{"a":0,"k":{"c":true,"i":[[0.167,0],[0.255,2.425],[0,0],[-0.379,0.467],[-0.598,0.063],[0,0],[-0.078,0],[-0.121,-1.148],[0,0],[2.605,-0.275]],"o":[[-2.435,0],[0,0],[-0.063,-0.598],[0.378,-0.467],[0,0],[0.08,-0.009],[1.154,0],[0,0],[0.274,2.604],[-0.169,0.017]],"v":[[0.072,5.372],[-4.646,1.117],[-5.012,-2.363],[-4.523,-4.014],[-3.01,-4.837],[1.963,-5.359],[2.2,-5.372],[4.436,-3.357],[4.801,0.124],[0.574,5.346]]},"ix":2}},{"ty":"fl","bm":0,"cl":"","ln":"","hd":false,"mn":"ADBE Vector Graphic - Fill","nm":"Fill 1","c":{"a":0,"k":[0.9765,0.8627,0.6941],"ix":4},"r":1,"o":{"a":0,"k":100,"ix":5}},{"ty":"tr","a":{"a":0,"k":[0,0],"ix":1},"s":{"a":0,"k":[100,100],"ix":3},"sk":{"a":0,"k":0,"ix":4},"p":{"a":0,"k":[5.581,5.871],"ix":2},"r":{"a":0,"k":0,"ix":6},"sa":{"a":0,"k":0,"ix":5},"o":{"a":0,"k":100,"ix":7}}]}],"ind":3},{"ty":4,"nm":"croissant-left Outlines","mn":"","sr":1,"st":0,"op":270,"ip":0,"hd":false,"cl":"","ln":"","ddd":0,"bm":0,"hasMask":false,"ao":0,"ks":{"a":{"a":0,"k":[5.711,5.249,0],"ix":1},"s":{"a":0,"k":[100,100,100],"ix":6},"sk":{"a":0,"k":0},"p":{"a":0,"k":[7.03,20.856,0],"ix":2},"r":{"a":0,"k":0,"ix":10},"sa":{"a":0,"k":0},"o":{"a":0,"k":100,"ix":11}},"ef":[],"shapes":[{"ty":"gr","bm":0,"cl":"","ln":"","hd":false,"mn":"ADBE Vector Group","nm":"Group 1","ix":1,"cix":2,"np":3,"it":[{"ty":"sh","bm":0,"cl":"","ln":"","hd":false,"mn":"ADBE Vector Shape - Group","nm":"Path 1","ix":1,"d":1,"ks":{"a":0,"k":{"c":true,"i":[[-1.514,0.031],[-0.076,0.008],[0,0],[0.173,1.648],[0,0],[1.098,-0.115],[0.149,-0.053],[0,0],[-0.017,-0.86],[0,0]],"o":[[0.077,-0.001],[0,0],[1.647,-0.173],[0,0],[-0.116,-1.098],[-0.158,0.017],[0,0],[-0.811,0.288],[0,0],[0.031,1.515]],"v":[[-1.613,3.968],[-1.384,3.954],[1.618,3.638],[4.288,0.341],[4.031,-2.104],[1.833,-3.884],[1.371,-3.779],[-3.115,-2.181],[-4.444,-0.257],[-4.411,1.283]]},"ix":2}},{"ty":"st","bm":0,"cl":"","ln":"","hd":false,"mn":"ADBE Vector Graphic - Stroke","nm":"Stroke 1","lc":1,"lj":1,"ml":10,"o":{"a":0,"k":100,"ix":4},"w":{"a":0,"k":0.5,"ix":5},"d":[],"c":{"a":0,"k":[0.9608,0.8118,0.5843],"ix":3}},{"ty":"fl","bm":0,"cl":"","ln":"","hd":false,"mn":"ADBE Vector Graphic - Fill","nm":"Fill 1","c":{"a":0,"k":[0.9765,0.8627,0.6941],"ix":4},"r":1,"o":{"a":0,"k":100,"ix":5}},{"ty":"tr","a":{"a":0,"k":[0,0],"ix":1},"s":{"a":0,"k":[100,100],"ix":3},"sk":{"a":0,"k":0,"ix":4},"p":{"a":0,"k":[5.711,5.249],"ix":2},"r":{"a":0,"k":0,"ix":6},"sa":{"a":0,"k":0,"ix":5},"o":{"a":0,"k":100,"ix":7}}]}],"ind":4},{"ty":4,"nm":"croissant-right Outlines","mn":"","sr":1,"st":0,"op":270,"ip":0,"hd":false,"cl":"","ln":"","ddd":0,"bm":0,"hasMask":false,"ao":0,"ks":{"a":{"a":0,"k":[5.931,5.001,0],"ix":1},"s":{"a":0,"k":[100,100,100],"ix":6},"sk":{"a":0,"k":0},"p":{"a":0,"k":[17.854,20.055,0],"ix":2},"r":{"a":0,"k":0,"ix":10},"sa":{"a":0,"k":0},"o":{"a":0,"k":100,"ix":11}},"ef":[],"shapes":[{"ty":"gr","bm":0,"cl":"","ln":"","hd":false,"mn":"ADBE Vector Group","nm":"Group 1","ix":1,"cix":2,"np":3,"it":[{"ty":"sh","bm":0,"cl":"","ln":"","hd":false,"mn":"ADBE Vector Shape - Group","nm":"Path 1","ix":1,"d":1,"ks":{"a":0,"k":{"c":true,"i":[[-1.648,0.174],[0,0],[-0.076,0.015],[0.284,1.489],[0,0],[0.853,0.115],[0,0],[0.157,-0.017],[-0.115,-1.099],[0,0]],"o":[[0,0],[0.076,-0.009],[1.487,-0.284],[0,0],[-0.161,-0.846],[0,0],[-0.157,-0.021],[-1.099,0.115],[0,0],[0.173,1.649]],"v":[[-1.012,3.577],[1.99,3.264],[2.217,3.229],[4.396,0.021],[4.107,-1.492],[2.408,-3.1],[-2.312,-3.729],[-2.786,-3.734],[-4.566,-1.536],[-4.309,0.908]]},"ix":2}},{"ty":"st","bm":0,"cl":"","ln":"","hd":false,"mn":"ADBE Vector Graphic - Stroke","nm":"Stroke 1","lc":1,"lj":1,"ml":10,"o":{"a":0,"k":100,"ix":4},"w":{"a":0,"k":0.5,"ix":5},"d":[],"c":{"a":0,"k":[0.9608,0.8118,0.5843],"ix":3}},{"ty":"fl","bm":0,"cl":"","ln":"","hd":false,"mn":"ADBE Vector Graphic - Fill","nm":"Fill 1","c":{"a":0,"k":[0.9765,0.8627,0.6941],"ix":4},"r":1,"o":{"a":0,"k":100,"ix":5}},{"ty":"tr","a":{"a":0,"k":[0,0],"ix":1},"s":{"a":0,"k":[100,100],"ix":3},"sk":{"a":0,"k":0,"ix":4},"p":{"a":0,"k":[5.931,5.001],"ix":2},"r":{"a":0,"k":0,"ix":6},"sa":{"a":0,"k":0,"ix":5},"o":{"a":0,"k":100,"ix":7}}]}],"ind":5},{"ty":4,"nm":"croissant-left-edge Outlines","mn":"","sr":1,"st":0,"op":270,"ip":0,"hd":false,"cl":"","ln":"","ddd":0,"bm":0,"hasMask":false,"ao":0,"ks":{"a":{"a":0,"k":[3.459,3.153,0],"ix":1},"s":{"a":0,"k":[100,100,100],"ix":6},"sk":{"a":0,"k":0},"p":{"a":0,"k":[2.441,22.305,0],"ix":2},"r":{"a":0,"k":0,"ix":10},"sa":{"a":0,"k":0},"o":{"a":0,"k":100,"ix":11}},"ef":[],"shapes":[{"ty":"gr","bm":0,"cl":"","ln":"","hd":false,"mn":"ADBE Vector Group","nm":"Group 1","ix":1,"cix":2,"np":3,"it":[{"ty":"sh","bm":0,"cl":"","ln":"","hd":false,"mn":"ADBE Vector Shape - Group","nm":"Path 1","ix":1,"d":1,"ks":{"a":0,"k":{"c":true,"i":[[-0.755,0.016],[-0.038,0.004],[0,0],[0.115,1.096],[0.861,-0.091],[0.117,-0.042],[0,0],[-0.018,-0.861],[0,0]],"o":[[0.038,-0.001],[0,0],[1.095,-0.116],[-0.091,-0.861],[-0.124,0.012],[0,0],[-0.811,0.289],[0,0],[0.016,0.755]],"v":[[-0.795,1.887],[-0.681,1.88],[0.319,1.775],[2.094,-0.417],[0.37,-1.812],[0.007,-1.73],[-0.862,-1.421],[-2.191,0.505],[-2.19,0.549]]},"ix":2}},{"ty":"st","bm":0,"cl":"","ln":"","hd":false,"mn":"ADBE Vector Graphic - Stroke","nm":"Stroke 1","lc":1,"lj":1,"ml":10,"o":{"a":0,"k":100,"ix":4},"w":{"a":0,"k":0.5,"ix":5},"d":[],"c":{"a":0,"k":[0.9608,0.8118,0.5843],"ix":3}},{"ty":"fl","bm":0,"cl":"","ln":"","hd":false,"mn":"ADBE Vector Graphic - Fill","nm":"Fill 1","c":{"a":0,"k":[0.9765,0.8627,0.6941],"ix":4},"r":1,"o":{"a":0,"k":100,"ix":5}},{"ty":"tr","a":{"a":0,"k":[0,0],"ix":1},"s":{"a":0,"k":[100,100],"ix":3},"sk":{"a":0,"k":0,"ix":4},"p":{"a":0,"k":[3.459,3.153],"ix":2},"r":{"a":0,"k":0,"ix":6},"sa":{"a":0,"k":0,"ix":5},"o":{"a":0,"k":100,"ix":7}}]}],"ind":6},{"ty":4,"nm":"croissant-right-edge Outlines","mn":"","sr":1,"st":0,"op":270,"ip":0,"hd":false,"cl":"","ln":"","ddd":0,"bm":0,"hasMask":false,"ao":0,"ks":{"a":{"a":0,"k":[2.562,2.063,0],"ix":1},"s":{"a":0,"k":[100,100,100],"ix":6},"sk":{"a":0,"k":0},"p":{"a":0,"k":[22.336,20.629,0],"ix":2},"r":{"a":0,"k":0,"ix":10},"sa":{"a":0,"k":0},"o":{"a":0,"k":100,"ix":11}},"ef":[],"shapes":[{"ty":"gr","bm":0,"cl":"","ln":"","hd":false,"mn":"ADBE Vector Group","nm":"Group 1","ix":1,"cix":2,"np":2,"it":[{"ty":"sh","bm":0,"cl":"","ln":"","hd":false,"mn":"ADBE Vector Shape - Group","nm":"Path 1","ix":1,"d":1,"ks":{"a":0,"k":{"c":true,"i":[[-1.095,0.115],[0,0],[-0.038,0.008],[0.141,0.742],[0,0],[0.854,0.113],[0,0],[0.124,-0.014],[-0.091,-0.862]],"o":[[0,0],[0.038,-0.004],[0.741,-0.141],[0,0],[-0.161,-0.845],[0,0],[-0.123,-0.017],[-0.862,0.09],[0.115,1.095]],"v":[[-0.029,1.699],[0.971,1.594],[1.085,1.577],[2.171,-0.023],[2.161,-0.066],[0.462,-1.673],[-0.452,-1.794],[-0.824,-1.799],[-2.221,-0.076]]},"ix":2}},{"ty":"fl","bm":0,"cl":"","ln":"","hd":false,"mn":"ADBE Vector Graphic - Fill","nm":"Fill 1","c":{"a":0,"k":[0.9765,0.8627,0.6941],"ix":4},"r":1,"o":{"a":0,"k":100,"ix":5}},{"ty":"tr","a":{"a":0,"k":[0,0],"ix":1},"s":{"a":0,"k":[100,100],"ix":3},"sk":{"a":0,"k":0,"ix":4},"p":{"a":0,"k":[2.561,2.064],"ix":2},"r":{"a":0,"k":0,"ix":6},"sa":{"a":0,"k":0,"ix":5},"o":{"a":0,"k":100,"ix":7}}]}],"ind":7},{"ty":4,"nm":"bacon-inner Outlines","mn":"","sr":1,"st":0,"op":270,"ip":0,"hd":false,"cl":"","ln":"","ddd":0,"bm":0,"hasMask":false,"ao":0,"ks":{"a":{"a":0,"k":[5.421,7.103,0],"ix":1},"s":{"a":0,"k":[100,100,100],"ix":6},"sk":{"a":0,"k":0},"p":{"a":0,"k":[53.43,18.012,0],"ix":2},"r":{"a":0,"k":0,"ix":10},"sa":{"a":0,"k":0},"o":{"a":0,"k":100,"ix":11}},"ef":[],"shapes":[{"ty":"gr","bm":0,"cl":"","ln":"","hd":false,"mn":"ADBE Vector Group","nm":"Group 1","ix":1,"cix":2,"np":2,"it":[{"ty":"sh","bm":0,"cl":"","ln":"","hd":false,"mn":"ADBE Vector Shape - Group","nm":"Path 1","ix":1,"d":1,"ks":{"a":0,"k":{"c":true,"i":[[0.293,0.205],[0.047,-0.01],[-0.02,-0.091],[0.659,-0.941],[1.117,-1.518],[1.188,-1.733],[2.364,-0.783],[0.035,-0.052],[-0.132,-0.092],[-0.318,0.164],[0,0],[0,0],[0,0],[0,0]],"o":[[-0.038,-0.027],[-0.091,0.021],[0.144,0.65],[-0.376,0.536],[-0.49,0.665],[-0.335,0.489],[-0.059,0.02],[-0.092,0.131],[0.292,0.205],[0,0],[0,0],[0,0],[0,0],[0.047,-0.354]],"v":[[4.725,-6.816],[4.59,-6.842],[4.462,-6.641],[3.689,-4.255],[0.736,-0.736],[-0.883,4.201],[-4.932,6.109],[-5.079,6.219],[-5.007,6.622],[-4.016,6.688],[0.395,4.415],[1.732,-0.188],[4.857,-3.898],[5.124,-5.906]]},"ix":2}},{"ty":"fl","bm":0,"cl":"","ln":"","hd":false,"mn":"ADBE Vector Graphic - Fill","nm":"Fill 1","c":{"a":0,"k":[0.9608,0.4745,0.149],"ix":4},"r":1,"o":{"a":0,"k":100,"ix":5}},{"ty":"tr","a":{"a":0,"k":[0,0],"ix":1},"s":{"a":0,"k":[100,100],"ix":3},"sk":{"a":0,"k":0,"ix":4},"p":{"a":0,"k":[5.42,7.102],"ix":2},"r":{"a":0,"k":0,"ix":6},"sa":{"a":0,"k":0,"ix":5},"o":{"a":0,"k":100,"ix":7}}]}],"ind":8},{"ty":4,"nm":"bacon-outer Outlines","mn":"","sr":1,"st":0,"op":270,"ip":0,"hd":false,"cl":"","ln":"","ddd":0,"bm":0,"hasMask":false,"ao":0,"ks":{"a":{"a":0,"k":[10.002,10.938,0],"ix":1},"s":{"a":0,"k":[100,100,100],"ix":6},"sk":{"a":0,"k":0},"p":{"a":0,"k":[52.751,18.479,0],"ix":2},"r":{"a":0,"k":0,"ix":10},"sa":{"a":0,"k":0},"o":{"a":0,"k":100,"ix":11}},"ef":[],"shapes":[{"ty":"gr","bm":0,"cl":"","ln":"","hd":false,"mn":"ADBE Vector Group","nm":"Group 1","ix":1,"cix":2,"np":2,"it":[{"ty":"sh","bm":0,"cl":"","ln":"","hd":false,"mn":"ADBE Vector Shape - Group","nm":"Path 1","ix":1,"d":1,"ks":{"a":0,"k":{"c":true,"i":[[0.604,0.423],[0,0],[0.188,0.061],[0.335,-1.04],[0.444,-0.634],[1.814,-2.084],[1.644,-2.589],[2.943,-1.205],[0.219,-0.314],[-0.905,-0.633],[0,0],[-0.662,0.345],[0,0],[0,0],[0,0],[0,0]],"o":[[0,0],[-0.161,-0.113],[-1.04,-0.335],[-0.199,0.617],[-0.547,0.782],[-0.795,0.913],[-0.372,0.585],[-0.355,0.146],[-0.634,0.904],[0,0],[0.611,0.428],[0,0],[0,0],[0,0],[0,0],[0.088,-0.733]],"v":[[8.826,-8.6],[6.697,-10.09],[6.171,-10.352],[3.68,-9.077],[2.715,-7.199],[-1.271,-3.068],[-3.266,2.523],[-8.238,5.208],[-9.118,5.913],[-8.628,8.697],[-6.473,10.208],[-4.402,10.342],[3.467,6.243],[4.887,1.027],[9.251,-3.296],[9.665,-6.723]]},"ix":2}},{"ty":"fl","bm":0,"cl":"","ln":"","hd":false,"mn":"ADBE Vector Graphic - Fill","nm":"Fill 1","c":{"a":0,"k":[1,0.5647,0.2824],"ix":4},"r":1,"o":{"a":0,"k":100,"ix":5}},{"ty":"tr","a":{"a":0,"k":[0,0],"ix":1},"s":{"a":0,"k":[100,100],"ix":3},"sk":{"a":0,"k":0,"ix":4},"p":{"a":0,"k":[10.002,10.938],"ix":2},"r":{"a":0,"k":0,"ix":6},"sa":{"a":0,"k":0,"ix":5},"o":{"a":0,"k":100,"ix":7}}]}],"ind":9},{"ty":4,"nm":"bacon-inner Outlines","mn":"","sr":1,"st":0,"op":270,"ip":0,"hd":false,"cl":"","ln":"","ddd":0,"bm":0,"hasMask":false,"ao":0,"ks":{"a":{"a":0,"k":[6.248,6.411,0],"ix":1},"s":{"a":0,"k":[100,100,100],"ix":6},"sk":{"a":0,"k":0},"p":{"a":0,"k":[60.695,23.436,0],"ix":2},"r":{"a":0,"k":0,"ix":10},"sa":{"a":0,"k":0},"o":{"a":0,"k":100,"ix":11}},"ef":[],"shapes":[{"ty":"gr","bm":0,"cl":"","ln":"","hd":false,"mn":"ADBE Vector Group","nm":"Group 1","ix":1,"cix":2,"np":2,"it":[{"ty":"sh","bm":0,"cl":"","ln":"","hd":false,"mn":"ADBE Vector Shape - Group","nm":"Path 1","ix":1,"d":1,"ks":{"a":0,"k":{"c":true,"i":[[0.048,-0.003],[-0.008,-0.093],[0.783,-0.84],[1.318,-1.347],[1.418,-1.551],[2.45,-0.446],[0.042,-0.046],[-0.117,-0.11],[-0.338,0.117],[0,0],[0,0],[0,0],[0,0],[0.261,0.244]],"o":[[-0.093,0.007],[0.051,0.663],[-0.446,0.479],[-0.577,0.591],[-0.4,0.439],[-0.061,0.012],[-0.109,0.118],[0.262,0.244],[0,0],[0,0],[0,0],[0,0],[0.096,-0.343],[-0.034,-0.032]],"v":[[5.505,-6.159],[5.35,-5.977],[4.251,-3.721],[0.837,-0.65],[-1.453,4.014],[-5.729,5.342],[-5.889,5.43],[-5.874,5.839],[-4.9,6.044],[-0.217,4.406],[1.747,0.035],[5.359,-3.206],[5.902,-5.159],[5.633,-6.113]]},"ix":2}},{"ty":"fl","bm":0,"cl":"","ln":"","hd":false,"mn":"ADBE Vector Graphic - Fill","nm":"Fill 1","c":{"a":0,"k":[0.9608,0.4745,0.149],"ix":4},"r":1,"o":{"a":0,"k":100,"ix":5}},{"ty":"tr","a":{"a":0,"k":[0,0],"ix":1},"s":{"a":0,"k":[100,100],"ix":3},"sk":{"a":0,"k":0,"ix":4},"p":{"a":0,"k":[6.248,6.412],"ix":2},"r":{"a":0,"k":0,"ix":6},"sa":{"a":0,"k":0,"ix":5},"o":{"a":0,"k":100,"ix":7}}]}],"ind":10},{"ty":4,"nm":"bacon-outer Outlines","mn":"","sr":1,"st":0,"op":270,"ip":0,"hd":false,"cl":"","ln":"","ddd":0,"bm":0,"hasMask":false,"ao":0,"ks":{"a":{"a":0,"k":[10.901,10.124,0],"ix":1},"s":{"a":0,"k":[100,100,100],"ix":6},"sk":{"a":0,"k":0},"p":{"a":0,"k":[60.007,23.787,0],"ix":2},"r":{"a":0,"k":0,"ix":10},"sa":{"a":0,"k":0},"o":{"a":0,"k":100,"ix":11}},"ef":[],"shapes":[{"ty":"gr","bm":0,"cl":"","ln":"","hd":false,"mn":"ADBE Vector Group","nm":"Group 1","ix":1,"cix":2,"np":4,"it":[{"ty":"sh","bm":0,"cl":"","ln":"","hd":false,"mn":"ADBE Vector Shape - Group","nm":"Path 1","ix":1,"d":1,"ks":{"a":0,"k":{"c":true,"i":[[0,0],[0.177,0.086],[0.478,-0.983],[0.529,-0.566],[2.086,-1.81],[1.987,-2.335],[3.082,-0.784],[0.261,-0.28],[-0.809,-0.753],[0,0],[-0.703,0.249],[0,0],[0,0],[0,0],[0,0],[0.54,0.503]],"o":[[-0.144,-0.135],[-0.984,-0.477],[-0.282,0.583],[-0.651,0.698],[-0.914,0.794],[-0.45,0.528],[-0.372,0.095],[-0.754,0.808],[0,0],[0.546,0.509],[0,0],[0,0],[0,0],[0,0],[0.189,-0.714],[0,0]],"v":[[8.054,-9.064],[7.569,-9.397],[4.924,-8.48],[3.708,-6.757],[-0.813,-3.221],[-3.567,2.038],[-8.866,4.008],[-9.836,4.581],[-9.737,7.408],[-7.813,9.202],[-5.781,9.626],[2.581,6.661],[4.714,1.693],[9.636,-1.982],[10.523,-5.316],[9.953,-7.294]]},"ix":2}},{"ty":"fl","bm":0,"cl":"","ln":"","hd":false,"mn":"ADBE Vector Graphic - Fill","nm":"Fill 1","c":{"a":0,"k":[1,0.5647,0.2824],"ix":4},"r":1,"o":{"a":0,"k":100,"ix":5}},{"ty":"tr","a":{"a":0,"k":[0,0],"ix":1},"s":{"a":0,"k":[100,100],"ix":3},"sk":{"a":0,"k":0,"ix":4},"p":{"a":0,"k":[10.84,10.124],"ix":2},"r":{"a":0,"k":0,"ix":6},"sa":{"a":0,"k":0,"ix":5},"o":{"a":0,"k":100,"ix":7}}]}],"ind":11},{"ty":4,"nm":"glass-lip Outlines","mn":"","sr":1,"st":0,"op":270,"ip":0,"hd":false,"cl":"","ln":"","ddd":0,"bm":0,"hasMask":false,"ao":0,"ks":{"a":{"a":0,"k":[9,4.5,0],"ix":1},"s":{"a":0,"k":[100,100,100],"ix":6},"sk":{"a":0,"k":0},"p":{"a":0,"k":[26.335,2.5,0],"ix":2},"r":{"a":0,"k":0,"ix":10},"sa":{"a":0,"k":0},"o":{"a":0,"k":100,"ix":11}},"ef":[],"shapes":[{"ty":"gr","bm":0,"cl":"","ln":"","hd":false,"mn":"ADBE Vector Group","nm":"Group 1","ix":1,"cix":2,"np":3,"it":[{"ty":"sh","bm":0,"cl":"","ln":"","hd":false,"mn":"ADBE Vector Shape - Group","nm":"Path 1","ix":1,"d":1,"ks":{"a":0,"k":{"c":true,"i":[[-3.601,0],[0,0.964],[3.601,0],[0,-0.964]],"o":[[3.601,0],[0,-0.964],[-3.601,0],[0,0.964]],"v":[[0,2],[6.5,0],[0,-2],[-6.5,0]]},"ix":2}},{"ty":"st","bm":0,"cl":"","ln":"","hd":false,"mn":"ADBE Vector Graphic - Stroke","nm":"Stroke 1","lc":1,"lj":1,"ml":10,"o":{"a":0,"k":100,"ix":4},"w":{"a":0,"k":1,"ix":5},"d":[],"c":{"a":0,"k":[0.8392,0.9098,0.9412],"ix":3}},{"ty":"fl","bm":0,"cl":"","ln":"","hd":false,"mn":"ADBE Vector Graphic - Fill","nm":"Fill 1","c":{"a":0,"k":[0.9294,0.9765,1],"ix":4},"r":1,"o":{"a":0,"k":100,"ix":5}},{"ty":"tr","a":{"a":0,"k":[0,0],"ix":1},"s":{"a":0,"k":[100,100],"ix":3},"sk":{"a":0,"k":0,"ix":4},"p":{"a":0,"k":[9,4.5],"ix":2},"r":{"a":0,"k":0,"ix":6},"sa":{"a":0,"k":0,"ix":5},"o":{"a":0,"k":100,"ix":7}}]}],"ind":12},{"ty":4,"nm":"juice Outlines","mn":"","sr":1,"st":0,"op":270,"ip":0,"hd":false,"cl":"","ln":"","ddd":0,"bm":0,"hasMask":false,"ao":0,"ks":{"a":{"a":0,"k":[5.504,4.809,0],"ix":1},"s":{"a":0,"k":[100,100,100],"ix":6},"sk":{"a":0,"k":0},"p":{"a":0,"k":[26.303,12.941,0],"ix":2},"r":{"a":0,"k":0,"ix":10},"sa":{"a":0,"k":0},"o":{"a":0,"k":100,"ix":11}},"ef":[],"shapes":[{"ty":"gr","bm":0,"cl":"","ln":"","hd":false,"mn":"ADBE Vector Group","nm":"Group 1","ix":1,"cix":2,"np":2,"it":[{"ty":"sh","bm":0,"cl":"","ln":"","hd":false,"mn":"ADBE Vector Shape - Group","nm":"Path 1","ix":1,"d":1,"ks":{"a":0,"k":{"c":true,"i":[[-1.017,0],[0,0],[-0.114,1.011],[0,0],[1.677,0.058],[1.748,0.79],[0,0]],"o":[[0,0],[1.018,0],[0,0],[-1.902,0.907],[-1.678,-0.059],[0,0],[0.114,1.01]],"v":[[-2.434,4.559],[2.438,4.559],[4.424,2.783],[5.253,-4.559],[-0.115,-3.286],[-5.253,-4.559],[-4.421,2.785]]},"ix":2}},{"ty":"fl","bm":0,"cl":"","ln":"","hd":false,"mn":"ADBE Vector Graphic - Fill","nm":"Fill 1","c":{"a":0,"k":[1,0.5647,0.2824],"ix":4},"r":1,"o":{"a":0,"k":100,"ix":5}},{"ty":"tr","a":{"a":0,"k":[0,0],"ix":1},"s":{"a":0,"k":[100,100],"ix":3},"sk":{"a":0,"k":0,"ix":4},"p":{"a":0,"k":[5.503,4.809],"ix":2},"r":{"a":0,"k":0,"ix":6},"sa":{"a":0,"k":0,"ix":5},"o":{"a":0,"k":100,"ix":7}}]}],"ind":13},{"ty":4,"nm":"glass Outlines","mn":"","sr":1,"st":0,"op":270,"ip":0,"hd":false,"cl":"","ln":"","ddd":0,"bm":0,"hasMask":false,"ao":0,"ks":{"a":{"a":0,"k":[8.929,9.5,0],"ix":1},"s":{"a":0,"k":[100,100,100],"ix":6},"sk":{"a":0,"k":0},"p":{"a":0,"k":[26.335,10,0],"ix":2},"r":{"a":0,"k":0,"ix":10},"sa":{"a":0,"k":0},"o":{"a":0,"k":100,"ix":11}},"ef":[],"shapes":[{"ty":"gr","bm":0,"cl":"","ln":"","hd":false,"mn":"ADBE Vector Group","nm":"Group 1","ix":1,"cix":2,"np":3,"it":[{"ty":"sh","bm":0,"cl":"","ln":"","hd":false,"mn":"ADBE Vector Shape - Group","nm":"Path 1","ix":1,"d":1,"ks":{"a":0,"k":{"c":true,"i":[[-0.752,0],[0,0],[-0.099,0.745],[0,0],[0,0],[0,0]],"o":[[0,0],[0.752,0],[0,0],[0,0],[0,0],[0.099,0.745]],"v":[[-3.249,7],[3.249,7],[4.736,5.698],[6.429,-7],[-6.429,-7],[-4.736,5.698]]},"ix":2}},{"ty":"st","bm":0,"cl":"","ln":"","hd":false,"mn":"ADBE Vector Graphic - Stroke","nm":"Stroke 1","lc":1,"lj":1,"ml":10,"o":{"a":0,"k":100,"ix":4},"w":{"a":0,"k":1,"ix":5},"d":[],"c":{"a":0,"k":[0.8392,0.9098,0.9412],"ix":3}},{"ty":"fl","bm":0,"cl":"","ln":"","hd":false,"mn":"ADBE Vector Graphic - Fill","nm":"Fill 1","c":{"a":0,"k":[0.9294,0.9765,1],"ix":4},"r":1,"o":{"a":0,"k":100,"ix":5}},{"ty":"tr","a":{"a":0,"k":[0,0],"ix":1},"s":{"a":0,"k":[100,100],"ix":3},"sk":{"a":0,"k":0,"ix":4},"p":{"a":0,"k":[8.929,9.5],"ix":2},"r":{"a":0,"k":0,"ix":6},"sa":{"a":0,"k":0,"ix":5},"o":{"a":0,"k":100,"ix":7}}]}],"ind":14},{"ty":4,"nm":"plate-inner Outlines","mn":"","sr":1,"st":0,"op":270,"ip":0,"hd":false,"cl":"","ln":"","ddd":0,"bm":0,"hasMask":false,"ao":0,"ks":{"a":{"a":0,"k":[28.416,5.217,0],"ix":1},"s":{"a":0,"k":[100,100,100],"ix":6},"sk":{"a":0,"k":0},"p":{"a":0,"k":[36.47,25.003,0],"ix":2},"r":{"a":0,"k":0,"ix":10},"sa":{"a":0,"k":0},"o":{"a":0,"k":100,"ix":11}},"ef":[],"shapes":[{"ty":"gr","bm":0,"cl":"","ln":"","hd":false,"mn":"ADBE Vector Group","nm":"Group 1","ix":1,"cix":2,"np":2,"it":[{"ty":"sh","bm":0,"cl":"","ln":"","hd":false,"mn":"ADBE Vector Shape - Group","nm":"Path 1","ix":1,"d":1,"ks":{"a":0,"k":{"c":true,"i":[[0,3.668],[14.076,0.002],[0,-3.298],[-8.061,0]],"o":[[0,-3.294],[-14.09,-0.001],[0,3.668],[8.061,0]],"v":[[28.165,-0.021],[0.023,-4.965],[-28.165,-0.021],[-0.029,4.967]]},"ix":2}},{"ty":"fl","bm":0,"cl":"","ln":"","hd":false,"mn":"ADBE Vector Graphic - Fill","nm":"Fill 1","c":{"a":0,"k":[0.3804,0.498,0.6863],"ix":4},"r":1,"o":{"a":0,"k":100,"ix":5}},{"ty":"tr","a":{"a":0,"k":[0,0],"ix":1},"s":{"a":0,"k":[100,100],"ix":3},"sk":{"a":0,"k":0,"ix":4},"p":{"a":0,"k":[28.416,5.217],"ix":2},"r":{"a":0,"k":0,"ix":6},"sa":{"a":0,"k":0,"ix":5},"o":{"a":0,"k":100,"ix":7}}]}],"ind":15},{"ty":4,"nm":"plate-rim Outlines","mn":"","sr":1,"st":0,"op":270,"ip":0,"hd":false,"cl":"","ln":"","ddd":0,"bm":0,"hasMask":false,"ao":0,"ks":{"a":{"a":0,"k":[34.265,7.047,0],"ix":1},"s":{"a":0,"k":[100,100,100],"ix":6},"sk":{"a":0,"k":0},"p":{"a":0,"k":[36.47,25.831,0],"ix":2},"r":{"a":0,"k":0,"ix":10},"sa":{"a":0,"k":0},"o":{"a":0,"k":100,"ix":11}},"ef":[],"shapes":[{"ty":"gr","bm":0,"cl":"","ln":"","hd":false,"mn":"ADBE Vector Group","nm":"Group 1","ix":1,"cix":2,"np":2,"it":[{"ty":"sh","bm":0,"cl":"","ln":"","hd":false,"mn":"ADBE Vector Shape - Group","nm":"Path 1","ix":1,"d":1,"ks":{"a":0,"k":{"c":true,"i":[[0,5.02],[16.998,0.003],[0,-4.513],[-9.735,0]],"o":[[0,-4.508],[-17.017,-0.002],[0,5.02],[9.736,0]],"v":[[34.015,-0.029],[0.028,-6.794],[-34.015,-0.029],[-0.035,6.796]]},"ix":2}},{"ty":"fl","bm":0,"cl":"","ln":"","hd":false,"mn":"ADBE Vector Graphic - Fill","nm":"Fill 1","c":{"a":0,"k":[0.4941,0.6,0.7686],"ix":4},"r":1,"o":{"a":0,"k":100,"ix":5}},{"ty":"tr","a":{"a":0,"k":[0,0],"ix":1},"s":{"a":0,"k":[100,100],"ix":3},"sk":{"a":0,"k":0,"ix":4},"p":{"a":0,"k":[34.265,7.047],"ix":2},"r":{"a":0,"k":0,"ix":6},"sa":{"a":0,"k":0,"ix":5},"o":{"a":0,"k":100,"ix":7}}]}],"ind":16},{"ty":4,"nm":"plate-bottom Outlines","mn":"","sr":1,"st":0,"op":270,"ip":0,"hd":false,"cl":"","ln":"","ddd":0,"bm":0,"hasMask":false,"ao":0,"ks":{"a":{"a":0,"k":[28.416,8.702,0],"ix":1},"s":{"a":0,"k":[100,100,100],"ix":6},"sk":{"a":0,"k":0},"p":{"a":0,"k":[36.47,26.16,0],"ix":2},"r":{"a":0,"k":0,"ix":10},"sa":{"a":0,"k":0},"o":{"a":0,"k":100,"ix":11}},"ef":[],"shapes":[{"ty":"gr","bm":0,"cl":"","ln":"","hd":false,"mn":"ADBE Vector Group","nm":"Group 1","ix":1,"cix":2,"np":2,"it":[{"ty":"sh","bm":0,"cl":"","ln":"","hd":false,"mn":"ADBE Vector Shape - Group","nm":"Path 1","ix":1,"d":1,"ks":{"a":0,"k":{"c":true,"i":[[0,6.475],[0,-6.475],[-15.556,0]],"o":[[0,-6.475],[0,6.475],[15.555,0]],"v":[[28.165,-1.978],[-28.165,-1.978],[0.001,8.452]]},"ix":2}},{"ty":"fl","bm":0,"cl":"","ln":"","hd":false,"mn":"ADBE Vector Graphic - Fill","nm":"Fill 1","c":{"a":0,"k":[0.3804,0.498,0.6863],"ix":4},"r":1,"o":{"a":0,"k":100,"ix":5}},{"ty":"tr","a":{"a":0,"k":[0,0],"ix":1},"s":{"a":0,"k":[100,100],"ix":3},"sk":{"a":0,"k":0,"ix":4},"p":{"a":0,"k":[28.416,8.703],"ix":2},"r":{"a":0,"k":0,"ix":6},"sa":{"a":0,"k":0,"ix":5},"o":{"a":0,"k":100,"ix":7}}]}],"ind":17}],"id":"comp_2"}]}