{"nm":"Panda","mn":"","layers":[{"ty":5,"nm":"Z 3","mn":"","sr":1,"st":30,"op":120,"ip":30,"hd":false,"cl":"","ln":"","ddd":0,"bm":0,"tt":0,"hasMask":false,"td":0,"ao":0,"ks":{"a":{"a":0,"k":[144.207,-14.893,0],"ix":1},"s":{"a":0,"k":[49,49,100],"ix":6},"sk":{"a":0,"k":0},"p":{"a":1,"k":[{"o":{"x":0.167,"y":0.167},"i":{"x":0.833,"y":0.833},"s":[392,225,0],"t":30},{"o":{"x":0.167,"y":0.167},"i":{"x":0.833,"y":0.833},"s":[425,160,0],"t":120}],"ix":2},"sa":{"a":0,"k":0},"o":{"a":1,"k":[{"o":{"x":0.167,"y":0.167},"i":{"x":0.833,"y":0.833},"s":[0],"t":30},{"o":{"x":0.167,"y":0.167},"i":{"x":0.833,"y":0.833},"s":[100],"t":40},{"o":{"x":0.167,"y":0.167},"i":{"x":0.833,"y":0.833},"s":[100],"t":110},{"o":{"x":0.167,"y":0.167},"i":{"x":0.833,"y":0.833},"s":[0],"t":120}],"ix":11},"r":{"a":0,"k":11,"ix":10}},"ef":[{"ty":5,"mn":"Pseudo/MHAC PrCtrl OTB 4","nm":"AC FX [OTB] Controls","ix":1,"en":1,"ef":[{"ty":0,"mn":"Pseudo/MHAC PrCtrl OTB 4-0001","nm":"Intensity","ix":1,"v":{"a":0,"k":20,"ix":1}},{"ty":3,"mn":"Pseudo/MHAC PrCtrl OTB 4-0002","nm":"XY Motion Range","ix":2,"v":{"a":0,"k":[110,50],"ix":2}},{"ty":0,"mn":"Pseudo/MHAC PrCtrl OTB 4-0003","nm":"X Frequency","ix":3,"v":{"a":0,"k":2,"ix":3}},{"ty":0,"mn":"Pseudo/MHAC PrCtrl OTB 4-0004","nm":"Y Frequency","ix":4,"v":{"a":0,"k":3,"ix":4}},{"ty":0,"mn":"Pseudo/MHAC PrCtrl OTB 4-0005","nm":"Y Time Offset","ix":5,"v":{"a":0,"k":1.5,"ix":5}},{"ty":0,"mn":"Pseudo/MHAC PrCtrl OTB 4-0006","nm":"Angle Frequency","ix":6,"v":{"a":0,"k":2,"ix":6}},{"ty":0,"mn":"Pseudo/MHAC PrCtrl OTB 4-0007","nm":"Angle","ix":7,"v":{"a":0,"k":10,"ix":7}},{"ty":0,"mn":"Pseudo/MHAC PrCtrl OTB 4-0008","nm":"Angle Time Offset","ix":8,"v":{"a":0,"k":1,"ix":8}}]}],"t":{"m":{"a":{"a":0,"k":[0,0],"ix":2},"g":1},"p":{},"a":[],"d":{"k":[{"s":{"f":"HelveticaRoundedLTStd-BdCn","s":68,"t":"Z","fc":[0.2,0.4745,0.8157],"lh":81.6,"tr":60,"ps":[-60,-41],"sz":[410,372],"j":2,"ca":0},"t":0}]}},"ind":0},{"ty":5,"nm":"Z 2","mn":"","sr":1,"st":15,"op":120,"ip":15,"hd":false,"cl":"","ln":"","ddd":0,"bm":0,"tt":0,"hasMask":false,"td":0,"ao":0,"ks":{"a":{"a":0,"k":[144.207,-14.893,0],"ix":1},"s":{"a":0,"k":[74,74,100],"ix":6},"sk":{"a":0,"k":0},"p":{"a":1,"k":[{"o":{"x":0.167,"y":0.167},"i":{"x":0.833,"y":0.833},"s":[448,320,0],"t":15},{"o":{"x":0.167,"y":0.167},"i":{"x":0.833,"y":0.833},"s":[451,252,0],"t":120}],"ix":2},"sa":{"a":0,"k":0},"o":{"a":1,"k":[{"o":{"x":0.167,"y":0.167},"i":{"x":0.833,"y":0.833},"s":[0],"t":15},{"o":{"x":0.167,"y":0.167},"i":{"x":0.833,"y":0.833},"s":[100],"t":25},{"o":{"x":0.167,"y":0.167},"i":{"x":0.833,"y":0.833},"s":[100],"t":90},{"o":{"x":0.167,"y":0.167},"i":{"x":0.833,"y":0.833},"s":[0],"t":105}],"ix":11},"r":{"a":0,"k":11,"ix":10}},"ef":[],"t":{"m":{"a":{"a":0,"k":[0,0],"ix":2},"g":1},"p":{},"a":[],"d":{"k":[{"s":{"f":"HelveticaRoundedLTStd-BdCn","s":68,"t":"Z","fc":[0.2,0.4745,0.8157],"lh":81.6,"tr":60,"ps":[-60,-41],"sz":[410,372],"j":2,"ca":0},"t":0}]}},"ind":1},{"ty":5,"nm":"Z","mn":"","sr":1,"st":0,"op":120,"ip":0,"hd":false,"cl":"","ln":"","ddd":0,"bm":0,"tt":0,"hasMask":false,"td":0,"ao":0,"ks":{"a":{"a":0,"k":[144.207,-14.893,0],"ix":1},"s":{"a":0,"k":[100,100,100],"ix":6},"sk":{"a":0,"k":0},"p":{"a":1,"k":[{"o":{"x":0.167,"y":0.167},"i":{"x":0.833,"y":0.833},"s":[396.707,399,0],"t":0},{"o":{"x":0.167,"y":0.167},"i":{"x":0.833,"y":0.833},"s":[396.707,326,0],"t":120}],"ix":2},"sa":{"a":0,"k":0},"o":{"a":1,"k":[{"o":{"x":0.167,"y":0.167},"i":{"x":0.833,"y":0.833},"s":[0],"t":0},{"o":{"x":0.167,"y":0.167},"i":{"x":0.833,"y":0.833},"s":[100],"t":10},{"o":{"x":0.167,"y":0.167},"i":{"x":0.833,"y":0.833},"s":[100],"t":80},{"o":{"x":0.167,"y":0.167},"i":{"x":0.833,"y":0.833},"s":[0],"t":95}],"ix":11},"r":{"a":0,"k":-10,"ix":10}},"ef":[],"t":{"m":{"a":{"a":0,"k":[0,0],"ix":2},"g":1},"p":{},"a":[],"d":{"k":[{"s":{"f":"HelveticaRoundedLTStd-BdCn","s":68,"t":"Z","fc":[0.2,0.4745,0.8157],"lh":81.6,"tr":60,"ps":[-60,-41],"sz":[410,372],"j":2,"ca":0},"t":0}]}},"ind":2},{"ty":4,"nm":"Mouth Outlines","mn":"","sr":1,"st":0,"op":120,"ip":0,"hd":false,"cl":"","ln":"","ddd":0,"bm":0,"tt":0,"hasMask":false,"td":0,"ao":0,"ks":{"a":{"a":0,"k":[1644.444,2585.185,0],"ix":1},"s":{"a":1,"k":[{"o":{"x":0.2,"y":0},"i":{"x":0.6,"y":1},"s":[27,27,100],"t":0},{"o":{"x":0.2,"y":0},"i":{"x":0.6,"y":1},"s":[23,27,100],"t":60},{"o":{"x":0.167,"y":0.167},"i":{"x":0.833,"y":0.833},"s":[27,27,100],"t":120}],"ix":6},"sk":{"a":0,"k":0},"p":{"a":0,"k":[444,698,0],"ix":2},"sa":{"a":0,"k":0},"o":{"a":0,"k":100,"ix":11},"r":{"a":0,"k":0,"ix":10}},"ef":[],"shapes":[{"ty":"gr","bm":0,"cl":"","ln":"","hd":false,"mn":"ADBE Vector Group","nm":"Group 1","ix":1,"cix":2,"np":6,"it":[{"ty":"sh","bm":0,"cl":"","ln":"","hd":false,"mn":"ADBE Vector Shape - Group","nm":"Path 1","ix":1,"d":1,"ks":{"a":0,"k":{"c":true,"i":[[9.131,0],[13.562,-5.137],[11.296,-18.054],[-5.679,-14.993],[-17.248,-3.017],[-24.675,9.351],[-11.596,14.536],[5.28,13.943],[0,0],[18.821,5.562]],"o":[[-13.337,0],[-22.847,8.655],[-10.41,16.636],[5.283,13.943],[18.325,3.206],[24.678,-9.351],[10.918,-13.691],[0,0],[-5.679,-14.992],[-8.301,-2.453]],"v":[[18.4,-60.963],[-22.404,-53.231],[-75.35,-11.813],[-82.687,37.233],[-48.729,62.794],[17.943,53.268],[74.193,16.227],[82.689,-25.419],[82.687,-25.419],[44.695,-57.294]]},"ix":2}},{"ty":"sh","bm":0,"cl":"","ln":"","hd":false,"mn":"ADBE Vector Shape - Group","nm":"Path 2","ix":2,"d":1,"ks":{"a":0,"k":{"c":true,"i":[[19.546,-0.002],[6.426,1.125],[9.36,24.71],[-15.927,25.451],[-29.443,11.155],[-27.193,-8.032],[-9.365,-24.717],[0,0],[18.054,-22.637],[30.488,-11.55]],"o":[[-7.016,0],[-28.52,-4.991],[-9.365,-24.716],[15.04,-24.033],[29.446,-11.152],[28.791,8.509],[0,0],[9.363,24.709],[-15.398,19.307],[-22.434,8.499]],"v":[[-34.138,96.488],[-54.331,94.804],[-113.073,48.746],[-102.897,-29.051],[-33.917,-83.619],[53.907,-88.456],[113.078,-36.932],[113.074,-36.932],[99.595,36.488],[29.456,83.656]]},"ix":2}},{"ty":"mm","bm":0,"cl":"","ln":"","hd":false,"mn":"ADBE Vector Filter - Merge","nm":"Merge Paths 1","mm":1},{"ty":"fl","bm":0,"cl":"","ln":"","hd":false,"mn":"ADBE Vector Graphic - Fill","nm":"Fill 1","c":{"a":0,"k":[0,0,0.4471],"ix":4},"r":1,"o":{"a":0,"k":100,"ix":5}},{"ty":"tr","a":{"a":0,"k":[0,0],"ix":1},"s":{"a":0,"k":[100,100],"ix":3},"sk":{"a":0,"k":0,"ix":4},"p":{"a":0,"k":[1650.359,2581.077],"ix":2},"r":{"a":0,"k":0,"ix":6},"sa":{"a":0,"k":0,"ix":5},"o":{"a":0,"k":100,"ix":7}}]},{"ty":"gr","bm":0,"cl":"","ln":"","hd":false,"mn":"ADBE Vector Group","nm":"Group 2","ix":2,"cix":2,"np":4,"it":[{"ty":"sh","bm":0,"cl":"","ln":"","hd":false,"mn":"ADBE Vector Shape - Group","nm":"Path 1","ix":1,"d":1,"ks":{"a":0,"k":{"c":true,"i":[[-24.979,-12.466],[39.57,-15.016],[23.563,8.594],[-38.909,14.732]],"o":[[-7.036,28.095],[-32.723,12.419],[6.28,-30.976],[33.195,-12.608]],"v":[[82.281,-34.518],[5.974,32.959],[-82.281,39.853],[-9.987,-35.84]]},"ix":2}},{"ty":"fl","bm":0,"cl":"","ln":"","hd":false,"mn":"ADBE Vector Graphic - Fill","nm":"Fill 1","c":{"a":0,"k":[1,0.1725,0.2941],"ix":4},"r":1,"o":{"a":0,"k":100,"ix":5}},{"ty":"tr","a":{"a":0,"k":[0,0],"ix":1},"s":{"a":0,"k":[100,100],"ix":3},"sk":{"a":0,"k":0,"ix":4},"p":{"a":0,"k":[1668.079,2616.585],"ix":2},"r":{"a":0,"k":0,"ix":6},"sa":{"a":0,"k":0,"ix":5},"o":{"a":0,"k":100,"ix":7}}]},{"ty":"gr","bm":0,"cl":"","ln":"","hd":false,"mn":"ADBE Vector Group","nm":"Group 3","ix":3,"cix":2,"np":4,"it":[{"ty":"sh","bm":0,"cl":"","ln":"","hd":false,"mn":"ADBE Vector Shape - Group","nm":"Path 1","ix":1,"d":1,"ks":{"a":0,"k":{"c":true,"i":[[2.55,-10.341],[39.57,-15.016],[23.563,8.594],[6.139,16.196],[-54.067,20.493],[-15.536,-41.081]],"o":[[-7.036,28.095],[-32.723,12.419],[-15.393,-5.619],[-15.535,-41.034],[54.066,-20.493],[4.156,11.002]],"v":[[105.442,3.47],[29.135,70.947],[-59.12,77.841],[-92.457,45.448],[-22.713,-65.943],[103.317,-28.687]]},"ix":2}},{"ty":"fl","bm":0,"cl":"","ln":"","hd":false,"mn":"ADBE Vector Graphic - Fill","nm":"Fill 1","c":{"a":0,"k":[0,0,0.4471],"ix":4},"r":1,"o":{"a":0,"k":100,"ix":5}},{"ty":"tr","a":{"a":0,"k":[0,0],"ix":1},"s":{"a":0,"k":[100,100],"ix":3},"sk":{"a":0,"k":0,"ix":4},"p":{"a":0,"k":[1644.918,2578.597],"ix":2},"r":{"a":0,"k":0,"ix":6},"sa":{"a":0,"k":0,"ix":5},"o":{"a":0,"k":100,"ix":7}}]}],"ind":3},{"ty":4,"nm":"Eyes Outlines","mn":"","sr":1,"st":0,"op":120,"ip":0,"hd":false,"cl":"","ln":"","ddd":0,"bm":0,"tt":0,"hasMask":false,"td":0,"ao":0,"ks":{"a":{"a":0,"k":[2000,2000,0],"ix":1},"s":{"a":0,"k":[27,27,100],"ix":6},"sk":{"a":0,"k":0},"p":{"a":1,"k":[{"o":{"x":0.167,"y":0},"i":{"x":0.6,"y":1},"s":[540,528,0],"t":0},{"o":{"x":0.2,"y":0},"i":{"x":0.6,"y":1},"s":[540,533,0],"t":60},{"o":{"x":0.167,"y":0.167},"i":{"x":0.833,"y":0.833},"s":[540,528,0],"t":120}],"ix":2},"sa":{"a":0,"k":0},"o":{"a":0,"k":100,"ix":11},"r":{"a":0,"k":0,"ix":10}},"ef":[],"shapes":[{"ty":"gr","bm":0,"cl":"","ln":"","hd":false,"mn":"ADBE Vector Group","nm":"Group 1","ix":1,"cix":2,"np":4,"it":[{"ty":"sh","bm":0,"cl":"","ln":"","hd":false,"mn":"ADBE Vector Shape - Group","nm":"Path 1","ix":1,"d":1,"ks":{"a":0,"k":{"c":true,"i":[[11.035,-0.003],[16.23,22.417],[-6.711,4.859],[-4.859,-6.712],[-21.485,8.003],[2.586,29.783],[-8.255,0.715],[-0.718,-8.254],[37.686,-14.04]],"o":[[-27.344,0],[-4.859,-6.711],[6.714,-4.853],[17.055,23.564],[19.65,-7.322],[-0.715,-8.252],[8.249,-0.723],[3.33,38.35],[-11.098,4.133]],"v":[[-9.652,53.373],[-78.829,18.685],[-75.475,-2.262],[-54.527,1.093],[13.327,19.127],[50.47,-36.41],[64.118,-52.65],[80.358,-39.003],[23.8,47.24]]},"ix":2}},{"ty":"fl","bm":0,"cl":"","ln":"","hd":false,"mn":"ADBE Vector Graphic - Fill","nm":"Fill 1","c":{"a":0,"k":[0,0,0.4471],"ix":4},"r":1,"o":{"a":0,"k":100,"ix":5}},{"ty":"tr","a":{"a":0,"k":[0,0],"ix":1},"s":{"a":0,"k":[100,100],"ix":3},"sk":{"a":0,"k":0,"ix":4},"p":{"a":0,"k":[1292.746,2373.311],"ix":2},"r":{"a":0,"k":0,"ix":6},"sa":{"a":0,"k":0,"ix":5},"o":{"a":0,"k":100,"ix":7}}]},{"ty":"gr","bm":0,"cl":"","ln":"","hd":false,"mn":"ADBE Vector Group","nm":"Group 2","ix":2,"cix":2,"np":4,"it":[{"ty":"sh","bm":0,"cl":"","ln":"","hd":false,"mn":"ADBE Vector Shape - Group","nm":"Path 1","ix":1,"d":1,"ks":{"a":0,"k":{"c":true,"i":[[18.176,0],[18.301,17.448],[-5.715,5.997],[-5.996,-5.718],[-16.506,11.832],[12.373,26.699],[-7.515,3.484],[-3.484,-7.515],[26.506,-18.99]],"o":[[-19.478,0],[-5.996,-5.716],[5.713,-5.996],[24.536,23.391],[15.254,-10.925],[-3.484,-7.517],[7.529,-3.484],[18.798,40.557],[-13.452,9.638]],"v":[[-14.536,61.722],[-72.91,37.201],[-73.418,15.995],[-52.212,15.487],[16.819,21.537],[33.118,-38.322],[40.418,-58.239],[60.335,-50.938],[34.292,45.924]]},"ix":2}},{"ty":"fl","bm":0,"cl":"","ln":"","hd":false,"mn":"ADBE Vector Graphic - Fill","nm":"Fill 1","c":{"a":0,"k":[0,0,0.4471],"ix":4},"r":1,"o":{"a":0,"k":100,"ix":5}},{"ty":"tr","a":{"a":0,"k":[0,0],"ix":1},"s":{"a":0,"k":[100,100],"ix":3},"sk":{"a":0,"k":0,"ix":4},"p":{"a":0,"k":[1802.562,2194.705],"ix":2},"r":{"a":0,"k":0,"ix":6},"sa":{"a":0,"k":0,"ix":5},"o":{"a":0,"k":100,"ix":7}}]}],"ind":4},{"ty":4,"nm":"Nose Outlines","mn":"","sr":1,"st":0,"op":120,"ip":0,"hd":false,"cl":"","ln":"","ddd":0,"bm":0,"tt":0,"hasMask":false,"td":0,"ao":0,"ks":{"a":{"a":0,"k":[2000,2000,0],"ix":1},"s":{"a":0,"k":[27,27,100],"ix":6},"sk":{"a":0,"k":0},"p":{"a":0,"k":[540,540,0],"ix":2},"sa":{"a":0,"k":0},"o":{"a":0,"k":100,"ix":11},"r":{"a":0,"k":0,"ix":10}},"ef":[],"shapes":[{"ty":"gr","bm":0,"cl":"","ln":"","hd":false,"mn":"ADBE Vector Group","nm":"Group 1","ix":1,"cix":2,"np":4,"it":[{"ty":"sh","bm":0,"cl":"","ln":"","hd":false,"mn":"ADBE Vector Shape - Group","nm":"Path 1","ix":1,"d":1,"ks":{"a":0,"k":{"c":true,"i":[[-0.264,-1.769],[0,0],[2.662,-0.386],[0.926,1.792],[0,0],[-8.227,4.239],[-4.238,-8.228]],"o":[[0,0],[0.386,2.663],[-2.11,0.304],[0,0],[-4.237,-8.228],[8.228,-4.237],[0.864,1.678]],"v":[[12.587,-29.66],[22.747,40.573],[18.625,46.091],[13.598,43.5],[-18.895,-19.588],[-11.671,-42.159],[10.9,-34.933]]},"ix":2}},{"ty":"fl","bm":0,"cl":"","ln":"","hd":false,"mn":"ADBE Vector Graphic - Fill","nm":"Fill 1","c":{"a":0,"k":[0,0,0.4471],"ix":4},"r":1,"o":{"a":0,"k":100,"ix":5}},{"ty":"tr","a":{"a":0,"k":[0,0],"ix":1},"s":{"a":0,"k":[100,100],"ix":3},"sk":{"a":0,"k":0,"ix":4},"p":{"a":0,"k":[1582.822,2419.728],"ix":2},"r":{"a":0,"k":0,"ix":6},"sa":{"a":0,"k":0,"ix":5},"o":{"a":0,"k":100,"ix":7}}]},{"ty":"gr","bm":0,"cl":"","ln":"","hd":false,"mn":"ADBE Vector Group","nm":"Group 2","ix":2,"cix":2,"np":4,"it":[{"ty":"sh","bm":0,"cl":"","ln":"","hd":false,"mn":"ADBE Vector Shape - Group","nm":"Path 1","ix":1,"d":1,"ks":{"a":0,"k":{"c":true,"i":[[-10.619,-33.193],[-40.673,13.012],[10.62,33.193],[40.673,-13.012]],"o":[[10.619,33.193],[40.673,-13.013],[-10.619,-33.193],[-40.673,13.012]],"v":[[-73.646,6.339],[25.013,60.964],[73.644,-40.783],[-13.462,-59.297]]},"ix":2}},{"ty":"fl","bm":0,"cl":"","ln":"","hd":false,"mn":"ADBE Vector Graphic - Fill","nm":"Fill 1","c":{"a":0,"k":[0,0,0.4471],"ix":4},"r":1,"o":{"a":0,"k":100,"ix":5}},{"ty":"tr","a":{"a":0,"k":[0,0],"ix":1},"s":{"a":0,"k":[100,100],"ix":3},"sk":{"a":0,"k":0,"ix":4},"p":{"a":0,"k":[1561.849,2356.628],"ix":2},"r":{"a":0,"k":0,"ix":6},"sa":{"a":0,"k":0,"ix":5},"o":{"a":0,"k":100,"ix":7}}]}],"ind":5},{"ty":4,"nm":"Layer 1 Outlines","mn":"","sr":1,"st":0,"op":120,"ip":0,"hd":false,"cl":"","ln":"","ddd":0,"bm":0,"tt":0,"hasMask":false,"td":0,"ao":0,"ks":{"a":{"a":0,"k":[2000,2000,0],"ix":1},"s":{"a":0,"k":[27,27,100],"ix":6},"sk":{"a":0,"k":0},"p":{"a":0,"k":[540,540,0],"ix":2},"sa":{"a":0,"k":0},"o":{"a":0,"k":100,"ix":11},"r":{"a":0,"k":0,"ix":10}},"ef":[],"shapes":[{"ty":"gr","bm":0,"cl":"","ln":"","hd":false,"mn":"ADBE Vector Group","nm":"Group 1","ix":1,"cix":2,"np":4,"it":[{"ty":"sh","bm":0,"cl":"","ln":"","hd":false,"mn":"ADBE Vector Shape - Group","nm":"Path 1","ix":1,"d":1,"ks":{"a":0,"k":{"c":true,"i":[[8.601,0],[0,0],[-6.895,-0.188],[0,0]],"o":[[0,0],[8.709,-0.416],[0,0],[-7.146,0.223]],"v":[[-11.641,2.759],[-11.761,-2.238],[11.755,-2.571],[11.761,2.429]]},"ix":2}},{"ty":"fl","bm":0,"cl":"","ln":"","hd":false,"mn":"ADBE Vector Graphic - Fill","nm":"Fill 1","c":{"a":0,"k":[0,0,0.4471],"ix":4},"r":1,"o":{"a":0,"k":100,"ix":5}},{"ty":"tr","a":{"a":0,"k":[0,0],"ix":1},"s":{"a":0,"k":[100,100],"ix":3},"sk":{"a":0,"k":0,"ix":4},"p":{"a":0,"k":[3116.496,2879.481],"ix":2},"r":{"a":0,"k":0,"ix":6},"sa":{"a":0,"k":0,"ix":5},"o":{"a":0,"k":100,"ix":7}}]},{"ty":"gr","bm":0,"cl":"","ln":"","hd":false,"mn":"ADBE Vector Group","nm":"Group 2","ix":2,"cix":2,"np":4,"it":[{"ty":"sh","bm":0,"cl":"","ln":"","hd":false,"mn":"ADBE Vector Shape - Group","nm":"Path 1","ix":1,"d":1,"ks":{"a":0,"k":{"c":true,"i":[[-6.657,-0.189],[7.932,0]],"o":[[-7.602,0.236],[8.924,-0.426]],"v":[[11.663,-0.071],[-11.663,0.26]]},"ix":2}},{"ty":"fl","bm":0,"cl":"","ln":"","hd":false,"mn":"ADBE Vector Graphic - Fill","nm":"Fill 1","c":{"a":0,"k":[0.4784,0.1608,0.2196],"ix":4},"r":1,"o":{"a":0,"k":100,"ix":5}},{"ty":"tr","a":{"a":0,"k":[0,0],"ix":1},"s":{"a":0,"k":[100,100],"ix":3},"sk":{"a":0,"k":0,"ix":4},"p":{"a":0,"k":[3116.517,2879.482],"ix":2},"r":{"a":0,"k":0,"ix":6},"sa":{"a":0,"k":0,"ix":5},"o":{"a":0,"k":100,"ix":7}}]},{"ty":"gr","bm":0,"cl":"","ln":"","hd":false,"mn":"ADBE Vector Group","nm":"Group 3","ix":3,"cix":2,"np":4,"it":[{"ty":"sh","bm":0,"cl":"","ln":"","hd":false,"mn":"ADBE Vector Shape - Group","nm":"Path 1","ix":1,"d":1,"ks":{"a":0,"k":{"c":true,"i":[[-159.745,-8.263],[0,0],[9.633,0.756],[0,0],[-472.197,-100.719],[-84.995,46.04]],"o":[[0,0],[-10.389,-0.331],[0,0],[0,0],[0,0],[80.321,-43.442]],"v":[[591.639,60.156],[-561.513,60.156],[-591.545,58.457],[-591.64,58.409],[3.896,-30.695],[321.872,-47.646]]},"ix":2}},{"ty":"fl","bm":0,"cl":"","ln":"","hd":false,"mn":"ADBE Vector Graphic - Fill","nm":"Fill 1","c":{"a":0,"k":[0.2627,0.2314,0.4706],"ix":4},"r":1,"o":{"a":0,"k":100,"ix":5}},{"ty":"tr","a":{"a":0,"k":[0,0],"ix":1},"s":{"a":0,"k":[100,100],"ix":3},"sk":{"a":0,"k":0,"ix":4},"p":{"a":0,"k":[2483.939,2819.585],"ix":2},"r":{"a":0,"k":0,"ix":6},"sa":{"a":0,"k":0,"ix":5},"o":{"a":0,"k":100,"ix":7}}]},{"ty":"gr","bm":0,"cl":"","ln":"","hd":false,"mn":"ADBE Vector Group","nm":"Group 4","ix":4,"cix":2,"np":4,"it":[{"ty":"sh","bm":0,"cl":"","ln":"","hd":false,"mn":"ADBE Vector Shape - Group","nm":"Path 1","ix":1,"d":1,"ks":{"a":0,"k":{"c":true,"i":[[384.038,0],[0,0],[73.333,39.097],[0.189,0.095]],"o":[[0,0],[224.246,-25.168],[-0.188,-0.095],[233.454,95.054]],"v":[[-132.472,169.236],[-160.52,169.236],[-11.59,-168.951],[-12.109,-169.235]]},"ix":2}},{"ty":"fl","bm":0,"cl":"","ln":"","hd":false,"mn":"ADBE Vector Graphic - Fill","nm":"Fill 1","c":{"a":0,"k":[0.2627,0.2314,0.4706],"ix":4},"r":1,"o":{"a":0,"k":100,"ix":5}},{"ty":"tr","a":{"a":0,"k":[0,0],"ix":1},"s":{"a":0,"k":[100,100],"ix":3},"sk":{"a":0,"k":0,"ix":4},"p":{"a":0,"k":[3237.325,2710.505],"ix":2},"r":{"a":0,"k":0,"ix":6},"sa":{"a":0,"k":0,"ix":5},"o":{"a":0,"k":50,"ix":7}}]},{"ty":"gr","bm":0,"cl":"","ln":"","hd":false,"mn":"ADBE Vector Group","nm":"Group 5","ix":5,"cix":2,"np":4,"it":[{"ty":"sh","bm":0,"cl":"","ln":"","hd":false,"mn":"ADBE Vector Shape - Group","nm":"Path 1","ix":1,"d":1,"ks":{"a":0,"k":{"c":true,"i":[[61.448,4.456],[-10.318,22.457],[0,0],[0,0],[10.153,-275.338],[-22.43,-6.139]],"o":[[-24.648,-1.787],[127.664,-277.842],[0,0],[166.732,103.033],[25.026,3.305],[-68.131,-16.339]],"v":[[-57.87,260.94],[-87.763,210.875],[-172.047,-290.19],[-163.83,-290.993],[100.788,276.682],[172.043,290.99]]},"ix":2}},{"ty":"fl","bm":0,"cl":"","ln":"","hd":false,"mn":"ADBE Vector Graphic - Fill","nm":"Fill 1","c":{"a":0,"k":[0.2627,0.2314,0.4706],"ix":4},"r":1,"o":{"a":0,"k":100,"ix":5}},{"ty":"tr","a":{"a":0,"k":[0,0],"ix":1},"s":{"a":0,"k":[100,100],"ix":3},"sk":{"a":0,"k":0,"ix":4},"p":{"a":0,"k":[2999.863,2232.29],"ix":2},"r":{"a":0,"k":0,"ix":6},"sa":{"a":0,"k":0,"ix":5},"o":{"a":0,"k":50,"ix":7}}]},{"ty":"gr","bm":0,"cl":"","ln":"","hd":false,"mn":"ADBE Vector Group","nm":"Group 6","ix":6,"cix":2,"np":4,"it":[{"ty":"sh","bm":0,"cl":"","ln":"","hd":false,"mn":"ADBE Vector Shape - Group","nm":"Path 1","ix":1,"d":1,"ks":{"a":0,"k":{"c":true,"i":[[149.68,0],[0,0],[0.18,0.008],[26.936,50.628],[-19.231,30.72],[-97.934,29.656],[-160.18,-5.891],[0.329,-8.967],[9.05,0.342],[108.916,-32.982],[26.143,-41.763],[-9.382,-17.634],[-98.701,-3.352],[0,0],[-32.666,56.58],[21.389,37.046],[176.153,-0.002],[0,8.974],[-8.974,0],[-47.622,-82.481],[23.696,-41.045]],"o":[[0,0],[-0.18,0],[-113.899,-3.82],[-14.81,-27.832],[30.696,-49.035],[112.312,-34.008],[8.967,0.332],[-0.332,8.967],[-156.646,-5.762],[-89.106,26.982],[-13.174,21.042],[20.613,38.741],[0,0],[135.586,0],[17.646,-30.566],[-42.951,-74.392],[-8.972,0],[0,-8.972],[189.114,-0.005],[27.437,47.522],[-39.197,67.89]],"v":[[549.805,204.164],[-632.644,204.164],[-633.188,204.154],[-851.584,119.723],[-844.729,28.927],[-645.259,-93.102],[-228.723,-136.073],[-213.083,-119.237],[-229.919,-103.597],[-635.84,-62],[-817.185,46.171],[-822.898,104.459],[-632.368,171.669],[549.805,171.669],[814.556,82.638],[808.755,-22.211],[467.461,-171.664],[451.214,-187.911],[467.461,-204.159],[836.897,-38.458],[842.698,98.886]]},"ix":2}},{"ty":"fl","bm":0,"cl":"","ln":"","hd":false,"mn":"ADBE Vector Graphic - Fill","nm":"Fill 1","c":{"a":0,"k":[0,0,0.4471],"ix":4},"r":1,"o":{"a":0,"k":100,"ix":5}},{"ty":"tr","a":{"a":0,"k":[0,0],"ix":1},"s":{"a":0,"k":[100,100],"ix":3},"sk":{"a":0,"k":0,"ix":4},"p":{"a":0,"k":[2555.049,2691.81],"ix":2},"r":{"a":0,"k":0,"ix":6},"sa":{"a":0,"k":0,"ix":5},"o":{"a":0,"k":100,"ix":7}}]},{"ty":"gr","bm":0,"cl":"","ln":"","hd":false,"mn":"ADBE Vector Group","nm":"Group 7","ix":7,"cix":2,"np":4,"it":[{"ty":"sh","bm":0,"cl":"","ln":"","hd":false,"mn":"ADBE Vector Shape - Group","nm":"Path 1","ix":1,"d":1,"ks":{"a":0,"k":{"c":true,"i":[[294.286,7.834],[1.936,-1.605],[5.515,-5.166],[106.726,-106.676]],"o":[[-1.794,1.606],[-6.179,5.181],[274.647,8.17],[152.287,-101.003]],"v":[[-167.764,-162.104],[-173.384,-157.288],[-190.858,-141.767],[131.855,162.1]]},"ix":2}},{"ty":"fl","bm":0,"cl":"","ln":"","hd":false,"mn":"ADBE Vector Graphic - Fill","nm":"Fill 1","c":{"a":0,"k":[1,1,1],"ix":4},"r":1,"o":{"a":0,"k":100,"ix":5}},{"ty":"tr","a":{"a":0,"k":[0,0],"ix":1},"s":{"a":0,"k":[100,100],"ix":3},"sk":{"a":0,"k":0,"ix":4},"p":{"a":0,"k":[3201.982,2671.26],"ix":2},"r":{"a":0,"k":0,"ix":6},"sa":{"a":0,"k":0,"ix":5},"o":{"a":0,"k":100,"ix":7}}]},{"ty":"gr","bm":0,"cl":"","ln":"","hd":false,"mn":"ADBE Vector Group","nm":"Group 8","ix":8,"cix":2,"np":4,"it":[{"ty":"sh","bm":0,"cl":"","ln":"","hd":false,"mn":"ADBE Vector Shape - Group","nm":"Path 1","ix":1,"d":1,"ks":{"a":0,"k":{"c":true,"i":[[470.45,0],[0,0],[-225.521,189.115],[-1.795,1.605]],"o":[[0,0],[0,0],[1.937,-1.605],[384.935,10.246]],"v":[[-86.837,187.792],[-158.092,187.792],[-158.092,-182.976],[-152.472,-187.792]]},"ix":2}},{"ty":"fl","bm":0,"cl":"","ln":"","hd":false,"mn":"ADBE Vector Graphic - Fill","nm":"Fill 1","c":{"a":0,"k":[0.3765,0.3294,0.4824],"ix":4},"r":1,"o":{"a":0,"k":100,"ix":5}},{"ty":"tr","a":{"a":0,"k":[0,0],"ix":1},"s":{"a":0,"k":[100,100],"ix":3},"sk":{"a":0,"k":0,"ix":4},"p":{"a":0,"k":[3191.69,2691.949],"ix":2},"r":{"a":0,"k":0,"ix":6},"sa":{"a":0,"k":0,"ix":5},"o":{"a":0,"k":100,"ix":7}}]},{"ty":"gr","bm":0,"cl":"","ln":"","hd":false,"mn":"ADBE Vector Group","nm":"Group 9","ix":9,"cix":2,"np":4,"it":[{"ty":"sh","bm":0,"cl":"","ln":"","hd":false,"mn":"ADBE Vector Shape - Group","nm":"Path 1","ix":1,"d":1,"ks":{"a":0,"k":{"c":true,"i":[[0,0],[0,0],[18.173,0.306],[-1.331,-92.072],[-431.21,-4.958]],"o":[[0,0],[0,18.176],[-385.015,-6.489],[-62.754,-92.692],[0,0]],"v":[[311.484,-115.841],[311.484,-115.841],[278.363,-83.403],[-299.681,119.974],[256.614,-119.854]]},"ix":2}},{"ty":"fl","bm":0,"cl":"","ln":"","hd":false,"mn":"ADBE Vector Graphic - Fill","nm":"Fill 1","c":{"a":0,"k":[1,1,1],"ix":4},"r":1,"o":{"a":0,"k":100,"ix":5}},{"ty":"tr","a":{"a":0,"k":[0,0],"ix":1},"s":{"a":0,"k":[100,100],"ix":3},"sk":{"a":0,"k":0,"ix":4},"p":{"a":0,"k":[2021.564,2690.684],"ix":2},"r":{"a":0,"k":0,"ix":6},"sa":{"a":0,"k":0,"ix":5},"o":{"a":0,"k":100,"ix":7}}]},{"ty":"gr","bm":0,"cl":"","ln":"","hd":false,"mn":"ADBE Vector Group","nm":"Group 10","ix":10,"cix":2,"np":4,"it":[{"ty":"sh","bm":0,"cl":"","ln":"","hd":false,"mn":"ADBE Vector Shape - Group","nm":"Path 1","ix":1,"d":1,"ks":{"a":0,"k":{"c":true,"i":[[-16.037,-35.844],[221.211,-22.142],[0,0],[-646.91,-23.799]],"o":[[65.846,147.17],[0,0],[-385.265,-12.938],[39.083,-3.803]],"v":[[407.395,-88.146],[174.33,165.789],[-87.975,165.789],[315.328,-141.989]]},"ix":2}},{"ty":"fl","bm":0,"cl":"","ln":"","hd":false,"mn":"ADBE Vector Graphic - Fill","nm":"Fill 1","c":{"a":0,"k":[0.3765,0.3294,0.4824],"ix":4},"r":1,"o":{"a":0,"k":100,"ix":5}},{"ty":"tr","a":{"a":0,"k":[0,0],"ix":1},"s":{"a":0,"k":[100,100],"ix":3},"sk":{"a":0,"k":0,"ix":4},"p":{"a":0,"k":[2010.401,2713.953],"ix":2},"r":{"a":0,"k":0,"ix":6},"sa":{"a":0,"k":0,"ix":5},"o":{"a":0,"k":100,"ix":7}}]},{"ty":"gr","bm":0,"cl":"","ln":"","hd":false,"mn":"ADBE Vector Group","nm":"Group 11","ix":11,"cix":2,"np":4,"it":[{"ty":"sh","bm":0,"cl":"","ln":"","hd":false,"mn":"ADBE Vector Shape - Group","nm":"Path 1","ix":1,"d":1,"ks":{"a":0,"k":{"c":true,"i":[[16.984,-26.253],[-15.792,-107.108],[26.487,-14.783],[-14.757,194.99],[-90.019,-108.988]],"o":[[-48.225,74.544],[4.425,30.009],[-133.314,74.406],[20.657,-252.861],[19.912,24.108]],"v":[[178.423,-114.735],[134.276,160.034],[97.243,234.303],[-180.649,-5.252],[173.322,-199.721]]},"ix":2}},{"ty":"fl","bm":0,"cl":"","ln":"","hd":false,"mn":"ADBE Vector Graphic - Fill","nm":"Fill 1","c":{"a":0,"k":[0.3765,0.3294,0.4824],"ix":4},"r":1,"o":{"a":0,"k":100,"ix":5}},{"ty":"tr","a":{"a":0,"k":[0,0],"ix":1},"s":{"a":0,"k":[100,100],"ix":3},"sk":{"a":0,"k":0,"ix":4},"p":{"a":0,"k":[1269.341,2351.869],"ix":2},"r":{"a":0,"k":0,"ix":6},"sa":{"a":0,"k":0,"ix":5},"o":{"a":0,"k":100,"ix":7}}]},{"ty":"gr","bm":0,"cl":"","ln":"","hd":false,"mn":"ADBE Vector Group","nm":"Group 12","ix":12,"cix":2,"np":4,"it":[{"ty":"sh","bm":0,"cl":"","ln":"","hd":false,"mn":"ADBE Vector Shape - Group","nm":"Path 1","ix":1,"d":1,"ks":{"a":0,"k":{"c":true,"i":[[-29.069,-11.52],[-49.31,-96.385],[-30.15,3.336],[125.197,150.215],[10.042,-140.999]],"o":[[82.538,32.71],[13.816,27.005],[151.746,-16.792],[-163.592,-193.915],[-2.221,31.189]],"v":[[-216.87,36.373],[-21.435,234.494],[51.831,273.475],[139.071,-82.895],[-262.046,-35.792]]},"ix":2}},{"ty":"fl","bm":0,"cl":"","ln":"","hd":false,"mn":"ADBE Vector Graphic - Fill","nm":"Fill 1","c":{"a":0,"k":[0.3765,0.3294,0.4824],"ix":4},"r":1,"o":{"a":0,"k":100,"ix":5}},{"ty":"tr","a":{"a":0,"k":[0,0],"ix":1},"s":{"a":0,"k":[100,100],"ix":3},"sk":{"a":0,"k":0,"ix":4},"p":{"a":0,"k":[1823.542,2141.925],"ix":2},"r":{"a":0,"k":0,"ix":6},"sa":{"a":0,"k":0,"ix":5},"o":{"a":0,"k":100,"ix":7}}]},{"ty":"gr","bm":0,"cl":"","ln":"","hd":false,"mn":"ADBE Vector Group","nm":"Group 13","ix":13,"cix":2,"np":4,"it":[{"ty":"sh","bm":0,"cl":"","ln":"","hd":false,"mn":"ADBE Vector Shape - Group","nm":"Path 1","ix":1,"d":1,"ks":{"a":0,"k":{"c":true,"i":[[27.236,-0.002],[1.301,0.091],[6.016,21.104],[-35.125,25.317],[-5.25,-7.283],[7.28,-5.246],[-3.303,-11.592],[-8.184,-0.566],[-10.022,22.674],[-8.218,-3.628],[3.628,-8.208]],"o":[[-1.294,0],[-22.005,-1.523],[-8.196,-28.75],[7.278,-5.246],[5.246,7.278],[-27.715,19.978],[2.217,7.78],[14.48,1.011],[3.626,-8.205],[8.208,3.625],[-15.073,34.116]],"v":[[-6.322,64.49],[-10.213,64.353],[-56.339,27.102],[-13.331,-59.243],[9.35,-55.561],[5.668,-32.881],[-25.089,18.194],[-7.967,31.936],[31.185,-2.671],[52.614,-10.964],[60.907,10.464]]},"ix":2}},{"ty":"fl","bm":0,"cl":"","ln":"","hd":false,"mn":"ADBE Vector Graphic - Fill","nm":"Fill 1","c":{"a":0,"k":[0,0,0.4471],"ix":4},"r":1,"o":{"a":0,"k":100,"ix":5}},{"ty":"tr","a":{"a":0,"k":[0,0],"ix":1},"s":{"a":0,"k":[100,100],"ix":3},"sk":{"a":0,"k":0,"ix":4},"p":{"a":0,"k":[1293.388,1802.827],"ix":2},"r":{"a":0,"k":0,"ix":6},"sa":{"a":0,"k":0,"ix":5},"o":{"a":0,"k":100,"ix":7}}]},{"ty":"gr","bm":0,"cl":"","ln":"","hd":false,"mn":"ADBE Vector Group","nm":"Group 14","ix":14,"cix":2,"np":4,"it":[{"ty":"sh","bm":0,"cl":"","ln":"","hd":false,"mn":"ADBE Vector Shape - Group","nm":"Path 1","ix":1,"d":1,"ks":{"a":0,"k":{"c":true,"i":[[6.743,0],[6.223,12.981],[-17.628,17.732],[-45.225,-21.35],[3.831,-8.115],[8.115,3.84],[11.936,-12.009],[-4.353,-9.082],[-44.094,4.67],[-0.945,-8.923],[8.924,-0.945]],"o":[[-57.607,0],[-10.311,-21.508],[25.595,-25.744],[8.115,3.83],[-3.828,8.115],[-37.959,-17.918],[-7.922,7.969],[6.379,13.313],[8.953,-0.933],[0.945,8.923],[-7.81,0.827]],"v":[[20.669,66.826],[-63.21,26.142],[-51.164,-38.455],[61.934,-45.476],[69.69,-23.848],[48.062,-16.091],[-28.118,-15.545],[-33.906,12.097],[39.062,33.303],[56.931,47.749],[42.485,65.618]]},"ix":2}},{"ty":"fl","bm":0,"cl":"","ln":"","hd":false,"mn":"ADBE Vector Graphic - Fill","nm":"Fill 1","c":{"a":0,"k":[0,0,0.4471],"ix":4},"r":1,"o":{"a":0,"k":100,"ix":5}},{"ty":"tr","a":{"a":0,"k":[0,0],"ix":1},"s":{"a":0,"k":[100,100],"ix":3},"sk":{"a":0,"k":0,"ix":4},"p":{"a":0,"k":[1290.298,1707.88],"ix":2},"r":{"a":0,"k":0,"ix":6},"sa":{"a":0,"k":0,"ix":5},"o":{"a":0,"k":100,"ix":7}}]},{"ty":"gr","bm":0,"cl":"","ln":"","hd":false,"mn":"ADBE Vector Group","nm":"Group 15","ix":15,"cix":2,"np":4,"it":[{"ty":"sh","bm":0,"cl":"","ln":"","hd":false,"mn":"ADBE Vector Shape - Group","nm":"Path 1","ix":1,"d":1,"ks":{"a":0,"k":{"c":true,"i":[[4.963,0],[2.913,2.163],[-9.963,35.679],[-34.043,3.223],[-35.324,-71.116],[8.034,-3.992],[3.987,8.03],[39.4,-3.675],[4.866,-17.43],[-29.524,-21.934],[5.352,-7.205]],"o":[[-3.369,0],[-40.312,-29.946],[8.513,-30.496],[53.278,-5.058],[3.992,8.037],[-8.04,3.992],[-29.104,-58.594],[-20.537,1.943],[-6.297,22.544],[7.202,5.352],[-3.188,4.292]],"v":[[-44.684,84.289],[-54.362,81.082],[-102.831,-23.725],[-32.777,-79.232],[108.802,26.282],[101.481,48.062],[79.701,40.74],[-29.716,-46.88],[-71.532,-14.987],[-34.982,54.997],[-31.63,77.73]]},"ix":2}},{"ty":"fl","bm":0,"cl":"","ln":"","hd":false,"mn":"ADBE Vector Graphic - Fill","nm":"Fill 1","c":{"a":0,"k":[0,0,0.4471],"ix":4},"r":1,"o":{"a":0,"k":100,"ix":5}},{"ty":"tr","a":{"a":0,"k":[0,0],"ix":1},"s":{"a":0,"k":[100,100],"ix":3},"sk":{"a":0,"k":0,"ix":4},"p":{"a":0,"k":[1416.359,1634.167],"ix":2},"r":{"a":0,"k":0,"ix":6},"sa":{"a":0,"k":0,"ix":5},"o":{"a":0,"k":100,"ix":7}}]},{"ty":"gr","bm":0,"cl":"","ln":"","hd":false,"mn":"ADBE Vector Group","nm":"Group 16","ix":16,"cix":2,"np":4,"it":[{"ty":"sh","bm":0,"cl":"","ln":"","hd":false,"mn":"ADBE Vector Shape - Group","nm":"Path 1","ix":1,"d":1,"ks":{"a":0,"k":{"c":true,"i":[[21.643,-0.002],[0.964,0.066],[4.409,15.469],[-30.223,21.785],[0,0],[-5.937,-20.825],[-14.031,-0.974],[-12.458,28.203],[0,0]],"o":[[-0.959,0],[-16.157,-1.121],[-6.538,-22.937],[0,0],[-28.44,20.498],[3.824,13.418],[20.505,1.372],[0,0],[-12.783,28.926]],"v":[[-5.719,49.415],[-8.602,49.316],[-42.457,22.008],[-4.632,-49.415],[-1.708,-45.358],[-37.648,20.639],[-8.255,44.328],[44.42,1.562],[48.995,3.583]]},"ix":2}},{"ty":"fl","bm":0,"cl":"","ln":"","hd":false,"mn":"ADBE Vector Graphic - Fill","nm":"Fill 1","c":{"a":0,"k":[0,0,0.4471],"ix":4},"r":1,"o":{"a":0,"k":100,"ix":5}},{"ty":"tr","a":{"a":0,"k":[0,0],"ix":1},"s":{"a":0,"k":[100,100],"ix":3},"sk":{"a":0,"k":0,"ix":4},"p":{"a":0,"k":[1292.726,1804.151],"ix":2},"r":{"a":0,"k":0,"ix":6},"sa":{"a":0,"k":0,"ix":5},"o":{"a":0,"k":100,"ix":7}}]},{"ty":"gr","bm":0,"cl":"","ln":"","hd":false,"mn":"ADBE Vector Group","nm":"Group 17","ix":17,"cix":2,"np":4,"it":[{"ty":"sh","bm":0,"cl":"","ln":"","hd":false,"mn":"ADBE Vector Shape - Group","nm":"Path 1","ix":1,"d":1,"ks":{"a":0,"k":{"c":false,"i":[[0,0],[-42.097,95.27]],"o":[[-93.318,67.262],[0,0]],"v":[[21.72,-72.614],[71.598,-22.656]]},"ix":2}},{"ty":"fl","bm":0,"cl":"","ln":"","hd":false,"mn":"ADBE Vector Graphic - Fill","nm":"Fill 1","c":{"a":0,"k":[1,1,1],"ix":4},"r":1,"o":{"a":0,"k":100,"ix":5}},{"ty":"tr","a":{"a":0,"k":[0,0],"ix":1},"s":{"a":0,"k":[100,100],"ix":3},"sk":{"a":0,"k":0,"ix":4},"p":{"a":0,"k":[1267.837,1829.379],"ix":2},"r":{"a":0,"k":0,"ix":6},"sa":{"a":0,"k":0,"ix":5},"o":{"a":0,"k":100,"ix":7}}]},{"ty":"gr","bm":0,"cl":"","ln":"","hd":false,"mn":"ADBE Vector Group","nm":"Group 18","ix":18,"cix":2,"np":4,"it":[{"ty":"sh","bm":0,"cl":"","ln":"","hd":false,"mn":"ADBE Vector Shape - Group","nm":"Path 1","ix":1,"d":1,"ks":{"a":0,"k":{"c":true,"i":[[6.199,0],[10.102,21.077],[-13.472,13.549],[-39.727,-18.755],[0,0],[19.758,-19.868],[-6.836,-14.26],[-43.455,4.599],[0,0]],"o":[[-35.889,0],[-7.762,-16.194],[21.306,-21.436],[0,0],[-37.727,-17.808],[-11.958,12.029],[10.893,22.725],[0,0],[-6.726,0.712]],"v":[[22.884,52.405],[-49.557,19.595],[-40.159,-29.367],[57.319,-33.65],[55.185,-29.128],[-36.614,-25.842],[-45.048,17.434],[41.766,46.37],[42.292,51.341]]},"ix":2}},{"ty":"fl","bm":0,"cl":"","ln":"","hd":false,"mn":"ADBE Vector Graphic - Fill","nm":"Fill 1","c":{"a":0,"k":[0,0,0.4471],"ix":4},"r":1,"o":{"a":0,"k":100,"ix":5}},{"ty":"tr","a":{"a":0,"k":[0,0],"ix":1},"s":{"a":0,"k":[100,100],"ix":3},"sk":{"a":0,"k":0,"ix":4},"p":{"a":0,"k":[1289.043,1708.485],"ix":2},"r":{"a":0,"k":0,"ix":6},"sa":{"a":0,"k":0,"ix":5},"o":{"a":0,"k":100,"ix":7}}]},{"ty":"gr","bm":0,"cl":"","ln":"","hd":false,"mn":"ADBE Vector Group","nm":"Group 19","ix":19,"cix":2,"np":4,"it":[{"ty":"sh","bm":0,"cl":"","ln":"","hd":false,"mn":"ADBE Vector Shape - Group","nm":"Path 1","ix":1,"d":1,"ks":{"a":0,"k":{"c":false,"i":[[0,0],[-144.672,15.328]],"o":[[-119.988,-56.64],[0,0]],"v":[[79.448,-19.467],[65.224,60.779]]},"ix":2}},{"ty":"fl","bm":0,"cl":"","ln":"","hd":false,"mn":"ADBE Vector Graphic - Fill","nm":"Fill 1","c":{"a":0,"k":[1,1,1],"ix":4},"r":1,"o":{"a":0,"k":100,"ix":5}},{"ty":"tr","a":{"a":0,"k":[0,0],"ix":1},"s":{"a":0,"k":[100,100],"ix":3},"sk":{"a":0,"k":0,"ix":4},"p":{"a":0,"k":[1265.849,1696.563],"ix":2},"r":{"a":0,"k":0,"ix":6},"sa":{"a":0,"k":0,"ix":5},"o":{"a":0,"k":100,"ix":7}}]},{"ty":"gr","bm":0,"cl":"","ln":"","hd":false,"mn":"ADBE Vector Group","nm":"Group 20","ix":20,"cix":2,"np":4,"it":[{"ty":"sh","bm":0,"cl":"","ln":"","hd":false,"mn":"ADBE Vector Shape - Group","nm":"Path 1","ix":1,"d":1,"ks":{"a":0,"k":{"c":true,"i":[[0,0],[-8.496,30.43],[-28.328,2.681],[-32.693,-65.818],[0,0],[45.325,-4.292],[6.411,-22.959],[-34.343,-25.512]],"o":[[-36.094,-26.814],[6.973,-24.968],[47.432,-4.463],[0,0],[-31.733,-63.894],[-26.25,2.486],[-7.91,28.325],[0,0]],"v":[[-45.365,70.027],[-88.793,-20.049],[-30.685,-65.564],[97.289,32.378],[92.811,34.605],[-30.214,-60.586],[-83.976,-18.703],[-42.382,66.013]]},"ix":2}},{"ty":"fl","bm":0,"cl":"","ln":"","hd":false,"mn":"ADBE Vector Graphic - Fill","nm":"Fill 1","c":{"a":0,"k":[0,0,0.4471],"ix":4},"r":1,"o":{"a":0,"k":100,"ix":5}},{"ty":"tr","a":{"a":0,"k":[0,0],"ix":1},"s":{"a":0,"k":[100,100],"ix":3},"sk":{"a":0,"k":0,"ix":4},"p":{"a":0,"k":[1415.561,1634.186],"ix":2},"r":{"a":0,"k":0,"ix":6},"sa":{"a":0,"k":0,"ix":5},"o":{"a":0,"k":100,"ix":7}}]},{"ty":"gr","bm":0,"cl":"","ln":"","hd":false,"mn":"ADBE Vector Group","nm":"Group 21","ix":21,"cix":2,"np":4,"it":[{"ty":"sh","bm":0,"cl":"","ln":"","hd":false,"mn":"ADBE Vector Shape - Group","nm":"Path 1","ix":1,"d":1,"ks":{"a":0,"k":{"c":false,"i":[[0,0],[-125.813,-93.467]],"o":[[-94.026,-189.299],[0,0]],"v":[[132.369,77.384],[-6.556,111.914]]},"ix":2}},{"ty":"fl","bm":0,"cl":"","ln":"","hd":false,"mn":"ADBE Vector Graphic - Fill","nm":"Fill 1","c":{"a":0,"k":[1,1,1],"ix":4},"r":1,"o":{"a":0,"k":100,"ix":5}},{"ty":"tr","a":{"a":0,"k":[0,0],"ix":1},"s":{"a":0,"k":[100,100],"ix":3},"sk":{"a":0,"k":0,"ix":4},"p":{"a":0,"k":[1378.244,1590.293],"ix":2},"r":{"a":0,"k":0,"ix":6},"sa":{"a":0,"k":0,"ix":5},"o":{"a":0,"k":100,"ix":7}}]},{"ty":"gr","bm":0,"cl":"","ln":"","hd":false,"mn":"ADBE Vector Group","nm":"Group 22","ix":22,"cix":2,"np":6,"it":[{"ty":"sh","bm":0,"cl":"","ln":"","hd":false,"mn":"ADBE Vector Shape - Group","nm":"Path 1","ix":1,"d":1,"ks":{"a":0,"k":{"c":true,"i":[[-56.103,-175.364],[-148.948,-46.008],[-186.87,59.785],[-83.593,109.519],[54.138,169.224],[349.38,-111.782],[80.053,-162.092]],"o":[[54.138,169.224],[131.647,40.667],[186.875,-59.785],[94.585,-123.921],[-115.747,-361.802],[-169.158,54.117],[-80.147,162.278]],"v":[[-633.098,312.877],[-327.038,637.237],[159.833,608.004],[573.263,349.208],[634.218,-92.572],[-209.359,-545.993],[-595.816,-210.712]]},"ix":2}},{"ty":"sh","bm":0,"cl":"","ln":"","hd":false,"mn":"ADBE Vector Shape - Group","nm":"Path 2","ix":2,"d":1,"ks":{"a":0,"k":{"c":true,"i":[[98.061,0],[55.989,17.295],[57.566,179.935],[-83.897,169.874],[-177.625,56.826],[-121.213,-378.864],[101.409,-132.859],[193.239,-61.824]],"o":[[-66.926,0],[-159.695,-49.326],[-58.684,-183.432],[83.989,-170.063],[366.467,-117.243],[57.564,179.937],[-87.649,114.834],[-114.854,36.743]],"v":[[-151.634,694.188],[-336.629,668.285],[-664.05,322.779],[-624.951,-225.102],[-219.26,-576.945],[665.17,-102.475],[599.096,368.922],[169.737,638.956]]},"ix":2}},{"ty":"mm","bm":0,"cl":"","ln":"","hd":false,"mn":"ADBE Vector Filter - Merge","nm":"Merge Paths 1","mm":1},{"ty":"fl","bm":0,"cl":"","ln":"","hd":false,"mn":"ADBE Vector Graphic - Fill","nm":"Fill 1","c":{"a":0,"k":[0,0,0.4471],"ix":4},"r":1,"o":{"a":0,"k":100,"ix":5}},{"ty":"tr","a":{"a":0,"k":[0,0],"ix":1},"s":{"a":0,"k":[100,100],"ix":3},"sk":{"a":0,"k":0,"ix":4},"p":{"a":0,"k":[1635.27,2202.054],"ix":2},"r":{"a":0,"k":0,"ix":6},"sa":{"a":0,"k":0,"ix":5},"o":{"a":0,"k":100,"ix":7}}]},{"ty":"gr","bm":0,"cl":"","ln":"","hd":false,"mn":"ADBE Vector Group","nm":"Group 23","ix":23,"cix":2,"np":4,"it":[{"ty":"sh","bm":0,"cl":"","ln":"","hd":false,"mn":"ADBE Vector Shape - Group","nm":"Path 1","ix":1,"d":1,"ks":{"a":0,"k":{"c":true,"i":[[149.805,58.367],[-278.57,89.121],[118.661,370.902],[166.004,82.039],[-38.431,-120.126],[358.489,-114.69]],"o":[[160.08,182.841],[358.489,-114.69],[-61.985,-193.748],[84.607,80.515],[118.676,370.946],[-193.433,61.885]],"v":[[-609.408,441.951],[94.291,545.617],[579.188,-175.341],[216.068,-600.306],[405.67,-296.67],[-79.213,424.332]]},"ix":2}},{"ty":"fl","bm":0,"cl":"","ln":"","hd":false,"mn":"ADBE Vector Graphic - Fill","nm":"Fill 1","c":{"a":0,"k":[0.698,0.698,0.8314],"ix":4},"r":1,"o":{"a":0,"k":100,"ix":5}},{"ty":"tr","a":{"a":0,"k":[0,0],"ix":1},"s":{"a":0,"k":[100,100],"ix":3},"sk":{"a":0,"k":0,"ix":4},"p":{"a":0,"k":[1705.782,2279.895],"ix":2},"r":{"a":0,"k":0,"ix":6},"sa":{"a":0,"k":0,"ix":5},"o":{"a":0,"k":100,"ix":7}}]},{"ty":"gr","bm":0,"cl":"","ln":"","hd":false,"mn":"ADBE Vector Group","nm":"Group 24","ix":24,"cix":2,"np":6,"it":[{"ty":"sh","bm":0,"cl":"","ln":"","hd":false,"mn":"ADBE Vector Shape - Group","nm":"Path 1","ix":1,"d":1,"ks":{"a":0,"k":{"c":true,"i":[[-57.195,-178.777],[-153.494,-47.41],[-189.568,60.65],[-85.31,111.768],[55.586,173.755],[356.618,-114.092],[81.719,-165.464]],"o":[[55.591,173.755],[134.343,41.501],[189.568,-60.649],[97.471,-127.703],[-118.061,-369.019],[-172.74,55.264],[-81.734,165.493]],"v":[[-646.016,310.526],[-330.918,643.832],[164.201,614.559],[584.372,351.007],[647.492,-103.302],[-213.369,-565.629],[-607.964,-223.341]]},"ix":2}},{"ty":"sh","bm":0,"cl":"","ln":"","hd":false,"mn":"ADBE Vector Shape - Group","nm":"Path 2","ix":2,"d":1,"ks":{"a":0,"k":{"c":true,"i":[[96.592,0],[54.702,16.898],[56.116,175.403],[-82.309,166.662],[-174.043,55.679],[-118.899,-371.643],[98.52,-129.077],[190.547,-60.962]],"o":[[-65.54,0],[-155.149,-47.922],[-57.592,-180.017],[82.325,-166.69],[359.253,-114.943],[56.116,175.403],[-85.935,112.585],[-113.521,36.318]],"v":[[-151.431,673.917],[-332.393,648.609],[-650.777,312.049],[-612.447,-225.555],[-214.893,-570.39],[652.253,-104.826],[588.347,354.042],[165.725,619.32]]},"ix":2}},{"ty":"mm","bm":0,"cl":"","ln":"","hd":false,"mn":"ADBE Vector Filter - Merge","nm":"Merge Paths 1","mm":1},{"ty":"fl","bm":0,"cl":"","ln":"","hd":false,"mn":"ADBE Vector Graphic - Fill","nm":"Fill 1","c":{"a":0,"k":[0,0,0.4471],"ix":4},"r":1,"o":{"a":0,"k":100,"ix":5}},{"ty":"tr","a":{"a":0,"k":[0,0],"ix":1},"s":{"a":0,"k":[100,100],"ix":3},"sk":{"a":0,"k":0,"ix":4},"p":{"a":0,"k":[1635.091,2208.594],"ix":2},"r":{"a":0,"k":0,"ix":6},"sa":{"a":0,"k":0,"ix":5},"o":{"a":0,"k":100,"ix":7}}]},{"ty":"gr","bm":0,"cl":"","ln":"","hd":false,"mn":"ADBE Vector Group","nm":"Group 25","ix":25,"cix":2,"np":4,"it":[{"ty":"sh","bm":0,"cl":"","ln":"","hd":false,"mn":"ADBE Vector Shape - Group","nm":"Path 1","ix":1,"d":1,"ks":{"a":0,"k":{"c":true,"i":[[-118.669,-370.926],[-358.507,114.696],[118.669,370.926],[358.507,-114.695]],"o":[[118.669,370.926],[358.507,-114.695],[-118.669,-370.927],[-358.506,114.696]],"v":[[-649.135,286.821],[164.226,592.473],[649.134,-128.528],[-214.87,-592.475]]},"ix":2}},{"ty":"fl","bm":0,"cl":"","ln":"","hd":false,"mn":"ADBE Vector Graphic - Fill","nm":"Fill 1","c":{"a":0,"k":[1,1,1],"ix":4},"r":1,"o":{"a":0,"k":100,"ix":5}},{"ty":"tr","a":{"a":0,"k":[0,0],"ix":1},"s":{"a":0,"k":[100,100],"ix":3},"sk":{"a":0,"k":0,"ix":4},"p":{"a":0,"k":[1635.829,2233.06],"ix":2},"r":{"a":0,"k":0,"ix":6},"sa":{"a":0,"k":0,"ix":5},"o":{"a":0,"k":100,"ix":7}}]},{"ty":"gr","bm":0,"cl":"","ln":"","hd":false,"mn":"ADBE Vector Group","nm":"Group 26","ix":26,"cix":2,"np":4,"it":[{"ty":"sh","bm":0,"cl":"","ln":"","hd":false,"mn":"ADBE Vector Shape - Group","nm":"Path 1","ix":1,"d":1,"ks":{"a":0,"k":{"c":true,"i":[[8.696,0],[0.205,0.008],[-0.329,8.967],[134.404,114.268],[222.412,-44.746],[133.897,-105.796],[35.952,-36.961],[6.431,6.258],[-6.255,6.431],[-40.906,32.309],[-160.41,32.231],[-149.255,-126.897],[8.408,-227.703]],"o":[[-0.203,0],[-8.968,-0.332],[8.03,-217.398],[-141.624,-120.408],[-155.42,31.228],[-39.8,31.436],[-6.257,6.43],[-6.433,-6.257],[36.936,-37.973],[137.891,-108.953],[232.229,-46.719],[142.259,120.945],[-0.325,8.762]],"v":[[671.785,360.73],[671.175,360.72],[655.537,343.882],[462.364,-163.091],[-110.471,-282.153],[-552.71,-72.703],[-666.87,30.374],[-689.846,30.693],[-690.166,7.717],[-572.854,-98.203],[-116.877,-314.011],[483.413,-187.849],[688.013,345.083]]},"ix":2}},{"ty":"fl","bm":0,"cl":"","ln":"","hd":false,"mn":"ADBE Vector Graphic - Fill","nm":"Fill 1","c":{"a":0,"k":[0,0,0.4471],"ix":4},"r":1,"o":{"a":0,"k":100,"ix":5}},{"ty":"tr","a":{"a":0,"k":[0,0],"ix":1},"s":{"a":0,"k":[100,100],"ix":3},"sk":{"a":0,"k":0,"ix":4},"p":{"a":0,"k":[2428.875,2164.489],"ix":2},"r":{"a":0,"k":0,"ix":6},"sa":{"a":0,"k":0,"ix":5},"o":{"a":0,"k":100,"ix":7}}]},{"ty":"gr","bm":0,"cl":"","ln":"","hd":false,"mn":"ADBE Vector Group","nm":"Group 27","ix":27,"cix":2,"np":4,"it":[{"ty":"sh","bm":0,"cl":"","ln":"","hd":false,"mn":"ADBE Vector Shape - Group","nm":"Path 1","ix":1,"d":1,"ks":{"a":0,"k":{"c":true,"i":[[0,0],[-3.562,-259.141],[47.199,8.327],[97.903,-11.799]],"o":[[202.628,92.059],[0.659,47.924],[-77.663,-13.703],[-164.037,19.769]],"v":[[-83.112,-305.02],[219.191,227.639],[129.245,303.837],[-162.374,287.317]]},"ix":2}},{"ty":"fl","bm":0,"cl":"","ln":"","hd":false,"mn":"ADBE Vector Graphic - Fill","nm":"Fill 1","c":{"a":0,"k":[0.2627,0.2314,0.4706],"ix":4},"r":1,"o":{"a":0,"k":100,"ix":5}},{"ty":"tr","a":{"a":0,"k":[0,0],"ix":1},"s":{"a":0,"k":[100,100],"ix":3},"sk":{"a":0,"k":0,"ix":4},"p":{"a":0,"k":[2316.88,2286.63],"ix":2},"r":{"a":0,"k":0,"ix":6},"sa":{"a":0,"k":0,"ix":5},"o":{"a":0,"k":100,"ix":7}}]},{"ty":"gr","bm":0,"cl":"","ln":"","hd":false,"mn":"ADBE Vector Group","nm":"Group 28","ix":28,"cix":2,"np":4,"it":[{"ty":"sh","bm":0,"cl":"","ln":"","hd":false,"mn":"ADBE Vector Shape - Group","nm":"Path 1","ix":1,"d":1,"ks":{"a":0,"k":{"c":true,"i":[[-96.139,-328.98],[326.429,-65.682],[140.62,-111.108],[31.874,-31.59],[0,0],[-39.995,31.59],[-152.52,30.645]],"o":[[-108.605,-302.206],[-152.52,30.646],[-33.998,26.868],[0,0],[37.02,-38.059],[140.62,-111.108],[339.226,-68.233]],"v":[[660.979,204.504],[-84.336,-150.636],[-533.443,61.995],[-632.416,149.635],[-660.983,130.18],[-545.248,25.683],[-96.141,-186.947]]},"ix":2}},{"ty":"fl","bm":0,"cl":"","ln":"","hd":false,"mn":"ADBE Vector Graphic - Fill","nm":"Fill 1","c":{"a":0,"k":[1,1,1],"ix":4},"r":1,"o":{"a":0,"k":100,"ix":5}},{"ty":"tr","a":{"a":0,"k":[0,0],"ix":1},"s":{"a":0,"k":[100,100],"ix":3},"sk":{"a":0,"k":0,"ix":4},"p":{"a":0,"k":[2411.34,2053.354],"ix":2},"r":{"a":0,"k":0,"ix":6},"sa":{"a":0,"k":0,"ix":5},"o":{"a":0,"k":100,"ix":7}}]},{"ty":"gr","bm":0,"cl":"","ln":"","hd":false,"mn":"ADBE Vector Group","nm":"Group 29","ix":29,"cix":2,"np":4,"it":[{"ty":"sh","bm":0,"cl":"","ln":"","hd":false,"mn":"ADBE Vector Shape - Group","nm":"Path 1","ix":1,"d":1,"ks":{"a":0,"k":{"c":true,"i":[[116.916,-449.484],[86.318,-78.809],[0,0],[-6.279,49.298],[30.505,94.77],[-26.301,17.424],[-124.99,25.121],[-22.24,-8.358]],"o":[[-22.288,85.656],[0,0],[0,0],[5.431,-42.639],[25.405,-20.068],[119.277,-79.14],[1.275,-0.236],[96.423,36.265]],"v":[[293.353,168.763],[128.319,468.938],[-96.399,356.697],[-311.059,191.381],[-410.268,-256.073],[-332.686,-312.311],[38.838,-468.703],[77.134,-457.795]]},"ix":2}},{"ty":"fl","bm":0,"cl":"","ln":"","hd":false,"mn":"ADBE Vector Graphic - Fill","nm":"Fill 1","c":{"a":0,"k":[0.3765,0.3294,0.4824],"ix":4},"r":1,"o":{"a":0,"k":100,"ix":5}},{"ty":"tr","a":{"a":0,"k":[0,0],"ix":1},"s":{"a":0,"k":[100,100],"ix":3},"sk":{"a":0,"k":0,"ix":4},"p":{"a":0,"k":[2276.36,2335.109],"ix":2},"r":{"a":0,"k":0,"ix":6},"sa":{"a":0,"k":0,"ix":5},"o":{"a":0,"k":100,"ix":7}}]},{"ty":"gr","bm":0,"cl":"","ln":"","hd":false,"mn":"ADBE Vector Group","nm":"Group 30","ix":30,"cix":2,"np":4,"it":[{"ty":"sh","bm":0,"cl":"","ln":"","hd":false,"mn":"ADBE Vector Shape - Group","nm":"Path 1","ix":1,"d":1,"ks":{"a":0,"k":{"c":true,"i":[[8.975,0],[0,0],[0,79.378],[-183.274,0],[0,0],[0,-8.974],[8.975,0],[0,0],[0,-65.751],[-153.787,0],[0,0],[0,-8.974]],"o":[[0,0],[-183.274,0],[0,-79.377],[0,0],[8.975,0],[0,8.975],[0,0],[-153.787,0],[0,65.752],[0,0],[8.975,0],[0,8.975]],"v":[[404.62,164.809],[-154.12,164.809],[-420.868,0],[-154.12,-164.81],[199.09,-164.81],[215.338,-148.562],[199.09,-132.314],[-154.12,-132.314],[-388.371,0],[-154.12,132.314],[404.62,132.314],[420.868,148.562]]},"ix":2}},{"ty":"fl","bm":0,"cl":"","ln":"","hd":false,"mn":"ADBE Vector Graphic - Fill","nm":"Fill 1","c":{"a":0,"k":[0,0,0.4471],"ix":4},"r":1,"o":{"a":0,"k":100,"ix":5}},{"ty":"tr","a":{"a":0,"k":[0,0],"ix":1},"s":{"a":0,"k":[100,100],"ix":3},"sk":{"a":0,"k":0,"ix":4},"p":{"a":0,"k":[1105.991,2691.811],"ix":2},"r":{"a":0,"k":0,"ix":6},"sa":{"a":0,"k":0,"ix":5},"o":{"a":0,"k":100,"ix":7}}]},{"ty":"gr","bm":0,"cl":"","ln":"","hd":false,"mn":"ADBE Vector Group","nm":"Group 31","ix":31,"cix":2,"np":6,"it":[{"ty":"sh","bm":0,"cl":"","ln":"","hd":false,"mn":"ADBE Vector Shape - Group","nm":"Path 1","ix":1,"d":1,"ks":{"a":0,"k":{"c":true,"i":[[20.527,0],[72.407,-27.971],[2.844,-49.236],[-114.209,-9.263],[-9.385,-0.295],[0,0],[-7.092,0.22],[0,0],[-14.092,77.522],[113.291,46.116],[18.349,5.025],[24.231,3.201],[0,0],[0,0],[179.24,110.762],[193.943,-39.029],[135.589,-107.131],[35.769,-36.592],[0,0],[0,0]],"o":[[-192.073,0],[-94.766,36.612],[-3.235,56.006],[10.737,0.842],[0,0],[8.55,0],[0,0],[154.692,-4.165],[13.535,-74.461],[-16.836,-6.848],[-22.83,-6.25],[0,0],[0,0],[9.362,-253.877],[-140.755,-87.112],[-157.53,31.65],[-39.499,31.199],[0,0],[0,0],[-22.1,-0.762]],"v":[[-301.233,219.739],[-689.861,279.177],[-845.747,416.277],[-665.835,522.09],[-635.928,523.782],[546.423,523.782],[569.67,523.455],[569.68,523.452],[835.266,394.915],[665.842,190.127],[612.815,172.234],[541.892,157.991],[539.636,157.693],[539.722,155.42],[276.287,-410.034],[-242.739,-484.599],[-690.789,-272.461],[-804.202,-170.315],[-228.63,221.16],[-237.273,220.86]]},"ix":2}},{"ty":"sh","bm":0,"cl":"","ln":"","hd":false,"mn":"ADBE Vector Shape - Group","nm":"Path 2","ix":2,"d":1,"ks":{"a":0,"k":{"c":true,"i":[[8.601,0],[0,0],[10.823,0.847],[-3.411,59.014],[-96.648,37.337],[-224.725,-6.765],[0,0],[0,0],[-40.437,31.938],[-158.296,31.804],[-141.841,-87.783],[8.799,-254.693],[-22.339,-6.116],[-17.022,-6.924],[13.963,-76.811],[157.268,-4.235],[0,0]],"o":[[0,0],[-9.543,-0.303],[-117.219,-9.507],[2.959,-51.25],[79.568,-30.737],[0,0],[0,0],[36.521,-37.547],[136.203,-107.617],[195.193,-39.28],[180.305,111.421],[23.682,3.225],[18.543,5.078],[115.505,47.019],[-14.553,80.061],[0,0],[-7.146,0.223]],"v":[[546.423,528.782],[-636.006,528.782],[-666.233,527.076],[-850.737,415.989],[-691.663,274.514],[-245.715,215.586],[-811.943,-169.531],[-809.866,-171.667],[-693.889,-276.384],[-243.726,-489.502],[278.916,-414.287],[544.797,153.338],[614.133,167.41],[667.727,185.496],[840.185,395.808],[569.817,528.452],[569.827,528.452]]},"ix":2}},{"ty":"mm","bm":0,"cl":"","ln":"","hd":false,"mn":"ADBE Vector Filter - Merge","nm":"Merge Paths 1","mm":1},{"ty":"fl","bm":0,"cl":"","ln":"","hd":false,"mn":"ADBE Vector Graphic - Fill","nm":"Fill 1","c":{"a":0,"k":[0.2627,0.2314,0.4706],"ix":4},"r":1,"o":{"a":0,"k":100,"ix":5}},{"ty":"tr","a":{"a":0,"k":[0,0],"ix":1},"s":{"a":0,"k":[100,100],"ix":3},"sk":{"a":0,"k":0,"ix":4},"p":{"a":0,"k":[2558.431,2353.458],"ix":2},"r":{"a":0,"k":0,"ix":6},"sa":{"a":0,"k":0,"ix":5},"o":{"a":0,"k":100,"ix":7}}]},{"ty":"gr","bm":0,"cl":"","ln":"","hd":false,"mn":"ADBE Vector Group","nm":"Group 32","ix":32,"cix":2,"np":4,"it":[{"ty":"sh","bm":0,"cl":"","ln":"","hd":false,"mn":"ADBE Vector Shape - Group","nm":"Path 1","ix":1,"d":1,"ks":{"a":0,"k":{"c":true,"i":[[359.39,-9.68],[7.932,0],[0,0],[9.633,0.755],[-625.708,-21.58],[0,0],[-39.995,31.59],[-152.52,30.646],[-142.982,-88.49],[10.153,-275.338],[-22.43,-6.138],[-16.716,-6.8]],"o":[[-7.602,0.236],[0,0],[-10.389,-0.331],[-346.404,-28.096],[0,0],[37.02,-38.059],[140.62,-111.108],[191.712,-38.579],[166.732,103.033],[25.026,3.306],[18.793,5.147],[228.637,93.07]],"v":[[611.4,525.626],[588.074,525.957],[-594.354,525.957],[-624.386,524.257],[-195.537,218.037],[-766.423,-170.251],[-650.688,-274.748],[-201.581,-487.378],[319.253,-412.487],[583.871,155.187],[655.126,169.495],[708.437,187.486]]},"ix":2}},{"ty":"fl","bm":0,"cl":"","ln":"","hd":false,"mn":"ADBE Vector Graphic - Fill","nm":"Fill 1","c":{"a":0,"k":[1,1,1],"ix":4},"r":1,"o":{"a":0,"k":100,"ix":5}},{"ty":"tr","a":{"a":0,"k":[0,0],"ix":1},"s":{"a":0,"k":[100,100],"ix":3},"sk":{"a":0,"k":0,"ix":4},"p":{"a":0,"k":[2516.78,2353.785],"ix":2},"r":{"a":0,"k":0,"ix":6},"sa":{"a":0,"k":0,"ix":5},"o":{"a":0,"k":100,"ix":7}}]},{"ty":"gr","bm":0,"cl":"","ln":"","hd":false,"mn":"ADBE Vector Group","nm":"Group 33","ix":33,"cix":2,"np":4,"it":[{"ty":"sh","bm":0,"cl":"","ln":"","hd":false,"mn":"ADBE Vector Shape - Group","nm":"Path 1","ix":1,"d":1,"ks":{"a":0,"k":{"c":true,"i":[[0,0],[0,0],[0,0],[0,0],[-30.267,-83.815],[-219.76,0],[0,0]],"o":[[0,0],[0,0],[0,0],[-193.175,0],[-69.46,-88.018],[0,0],[0,0]],"v":[[404.623,148.553],[400.373,148.553],[217.963,-115.169],[-135.24,-115.169],[-379.602,68.091],[-154.128,-148.553],[199.076,-148.553]]},"ix":2}},{"ty":"fl","bm":0,"cl":"","ln":"","hd":false,"mn":"ADBE Vector Graphic - Fill","nm":"Fill 1","c":{"a":0,"k":[1,1,1],"ix":4},"r":1,"o":{"a":0,"k":100,"ix":5}},{"ty":"tr","a":{"a":0,"k":[0,0],"ix":1},"s":{"a":0,"k":[100,100],"ix":3},"sk":{"a":0,"k":0,"ix":4},"p":{"a":0,"k":[1106,2691.807],"ix":2},"r":{"a":0,"k":0,"ix":6},"sa":{"a":0,"k":0,"ix":5},"o":{"a":0,"k":100,"ix":7}}]},{"ty":"gr","bm":0,"cl":"","ln":"","hd":false,"mn":"ADBE Vector Group","nm":"Group 34","ix":34,"cix":2,"np":4,"it":[{"ty":"sh","bm":0,"cl":"","ln":"","hd":false,"mn":"ADBE Vector Shape - Group","nm":"Path 1","ix":1,"d":1,"ks":{"a":0,"k":{"c":true,"i":[[0,0],[0,0],[8.358,70.168],[-90.473,0],[0,0]],"o":[[0,0],[-158.186,0],[41.459,31.778],[0,0],[0,0]],"v":[[404.272,68.397],[-154.479,68.397],[-404.271,-68.397],[-206.42,-14.85],[346.664,-14.85]]},"ix":2}},{"ty":"fl","bm":0,"cl":"","ln":"","hd":false,"mn":"ADBE Vector Graphic - Fill","nm":"Fill 1","c":{"a":0,"k":[0.2627,0.2314,0.4706],"ix":4},"r":1,"o":{"a":0,"k":100,"ix":5}},{"ty":"tr","a":{"a":0,"k":[0,0],"ix":1},"s":{"a":0,"k":[100,100],"ix":3},"sk":{"a":0,"k":0,"ix":4},"p":{"a":0,"k":[1106.35,2771.962],"ix":2},"r":{"a":0,"k":0,"ix":6},"sa":{"a":0,"k":0,"ix":5},"o":{"a":0,"k":100,"ix":7}}]},{"ty":"gr","bm":0,"cl":"","ln":"","hd":false,"mn":"ADBE Vector Group","nm":"Group 35","ix":35,"cix":2,"np":4,"it":[{"ty":"sh","bm":0,"cl":"","ln":"","hd":false,"mn":"ADBE Vector Shape - Group","nm":"Path 1","ix":1,"d":1,"ks":{"a":0,"k":{"c":false,"i":[[0,0],[0,0],[-334,0],[0,0]],"o":[[0,0],[-334,0],[0,0],[0,0]],"v":[[446.37,148.562],[-112.37,148.562],[-112.37,-148.562],[240.838,-148.562]]},"ix":2}},{"ty":"fl","bm":0,"cl":"","ln":"","hd":false,"mn":"ADBE Vector Graphic - Fill","nm":"Fill 1","c":{"a":0,"k":[0.3765,0.3294,0.4824],"ix":4},"r":1,"o":{"a":0,"k":100,"ix":5}},{"ty":"tr","a":{"a":0,"k":[0,0],"ix":1},"s":{"a":0,"k":[100,100],"ix":3},"sk":{"a":0,"k":0,"ix":4},"p":{"a":0,"k":[1064.242,2691.812],"ix":2},"r":{"a":0,"k":0,"ix":6},"sa":{"a":0,"k":0,"ix":5},"o":{"a":0,"k":100,"ix":7}}]},{"ty":"gr","bm":0,"cl":"","ln":"","hd":false,"mn":"ADBE Vector Group","nm":"Group 36","ix":36,"cix":2,"np":4,"it":[{"ty":"sh","bm":0,"cl":"","ln":"","hd":false,"mn":"ADBE Vector Shape - Group","nm":"Path 1","ix":1,"d":1,"ks":{"a":0,"k":{"c":true,"i":[[0,-111.173],[831.454,0],[0,111.173],[-831.454,0]],"o":[[0,111.173],[-831.454,0],[0,-111.173],[831.454,0]],"v":[[1505.48,0],[0,201.297],[-1505.48,0],[0,-201.297]]},"ix":2}},{"ty":"fl","bm":0,"cl":"","ln":"","hd":false,"mn":"ADBE Vector Graphic - Fill","nm":"Fill 1","c":{"a":0,"k":[0.0353,0.6353,0.8902],"ix":4},"r":1,"o":{"a":0,"k":100,"ix":5}},{"ty":"tr","a":{"a":0,"k":[0,0],"ix":1},"s":{"a":0,"k":[100,100],"ix":3},"sk":{"a":0,"k":0,"ix":4},"p":{"a":0,"k":[2055.48,2846.237],"ix":2},"r":{"a":0,"k":0,"ix":6},"sa":{"a":0,"k":0,"ix":5},"o":{"a":0,"k":100,"ix":7}}]}],"ind":6},{"ty":4,"nm":"Tail Outlines","mn":"","sr":1,"st":0,"op":120,"ip":0,"hd":false,"cl":"","ln":"","ddd":0,"bm":0,"tt":0,"hasMask":false,"td":0,"ao":0,"ks":{"a":{"a":0,"k":[2937.037,2137.037,0],"ix":1},"s":{"a":0,"k":[27,27,100],"ix":6},"sk":{"a":0,"k":0},"p":{"a":1,"k":[{"o":{"x":0.228,"y":0},"i":{"x":0.666,"y":0.912},"s":[793,577,0],"t":0},{"o":{"x":0.313,"y":0.083},"i":{"x":0.656,"y":1},"s":[795.005,579.998,0],"t":60},{"o":{"x":0.167,"y":0.167},"i":{"x":0.833,"y":0.833},"s":[793,577,0],"t":120}],"ix":2},"sa":{"a":0,"k":0},"o":{"a":0,"k":100,"ix":11},"r":{"a":1,"k":[{"o":{"x":0.2,"y":0},"i":{"x":0.6,"y":1},"s":[-12],"t":0},{"o":{"x":0.2,"y":0},"i":{"x":0.6,"y":1},"s":[15],"t":60},{"o":{"x":0.167,"y":0.167},"i":{"x":0.833,"y":0.833},"s":[-12],"t":120}],"ix":10}},"ef":[],"shapes":[{"ty":"gr","bm":0,"cl":"","ln":"","hd":false,"mn":"ADBE Vector Group","nm":"Group 1","ix":1,"cix":2,"np":4,"it":[{"ty":"sh","bm":0,"cl":"","ln":"","hd":false,"mn":"ADBE Vector Shape - Group","nm":"Path 1","ix":1,"d":1,"ks":{"a":0,"k":{"c":true,"i":[[3.027,0],[3.113,4.8],[-7.529,4.88],[26.113,40.288],[27.344,3.597],[36.382,-23.584],[4.883,7.529],[-7.53,4.88],[-35.725,-55.119],[10.649,-35.696],[42.954,-27.842]],"o":[[-5.322,0],[-4.88,-7.532],[78.858,-51.111],[-13.889,-21.428],[-32.331,-4.27],[-7.529,4.871],[-4.88,-7.532],[93.247,-60.435],[19.151,29.546],[-11.563,38.765],[-2.729,1.768]],"v":[[20.918,142.444],[7.268,135.032],[12.065,112.559],[72.622,-45.481],[8.684,-84.285],[-96.37,-54.739],[-118.843,-59.536],[-114.045,-82.009],[99.89,-63.157],[113.074,38.015],[29.741,139.829]]},"ix":2}},{"ty":"fl","bm":0,"cl":"","ln":"","hd":false,"mn":"ADBE Vector Graphic - Fill","nm":"Fill 1","c":{"a":0,"k":[0,0,0.4471],"ix":4},"r":1,"o":{"a":0,"k":100,"ix":5}},{"ty":"tr","a":{"a":0,"k":[0,0],"ix":1},"s":{"a":0,"k":[100,100],"ix":3},"sk":{"a":0,"k":0,"ix":4},"p":{"a":0,"k":[3035.018,2083.078],"ix":2},"r":{"a":0,"k":0,"ix":6},"sa":{"a":0,"k":0,"ix":5},"o":{"a":0,"k":100,"ix":7}}]},{"ty":"gr","bm":0,"cl":"","ln":"","hd":false,"mn":"ADBE Vector Group","nm":"Group 2","ix":2,"cix":2,"np":4,"it":[{"ty":"sh","bm":0,"cl":"","ln":"","hd":false,"mn":"ADBE Vector Shape - Group","nm":"Path 1","ix":1,"d":1,"ks":{"a":0,"k":{"c":true,"i":[[-36.16,-23.376],[-7.077,-21.582],[28.025,18.097],[65.022,-42.168],[0,0]],"o":[[19.473,12.574],[-0.685,-34.184],[-38.201,-24.696],[0,0],[60.857,-35.511]],"v":[[63.02,-2.54],[103.756,50.108],[58.02,-32.54],[-103.756,-17.004],[-88.402,6.674]]},"ix":2}},{"ty":"fl","bm":0,"cl":"","ln":"","hd":false,"mn":"ADBE Vector Graphic - Fill","nm":"Fill 1","c":{"a":0,"k":[1,1,1],"ix":4},"r":1,"o":{"a":0,"k":100,"ix":5}},{"ty":"tr","a":{"a":0,"k":[0,0],"ix":1},"s":{"a":0,"k":[100,100],"ix":3},"sk":{"a":0,"k":0,"ix":4},"p":{"a":0,"k":[3033.565,2031.728],"ix":2},"r":{"a":0,"k":0,"ix":6},"sa":{"a":0,"k":0,"ix":5},"o":{"a":0,"k":100,"ix":7}}]},{"ty":"gr","bm":0,"cl":"","ln":"","hd":false,"mn":"ADBE Vector Group","nm":"Group 3","ix":3,"cix":2,"np":4,"it":[{"ty":"sh","bm":0,"cl":"","ln":"","hd":false,"mn":"ADBE Vector Shape - Group","nm":"Path 1","ix":1,"d":1,"ks":{"a":0,"k":{"c":true,"i":[[106.197,-68.799],[0,0],[0,0],[14.592,51.044]],"o":[[0,0],[0,0],[50.808,37.54],[62.378,40.278]],"v":[[-7.396,105.04],[-66.893,13.245],[-74.07,-19.856],[28.254,-105.04]]},"ix":2}},{"ty":"fl","bm":0,"cl":"","ln":"","hd":false,"mn":"ADBE Vector Graphic - Fill","nm":"Fill 1","c":{"a":0,"k":[0.2627,0.2314,0.4706],"ix":4},"r":1,"o":{"a":0,"k":100,"ix":5}},{"ty":"tr","a":{"a":0,"k":[0,0],"ix":1},"s":{"a":0,"k":[100,100],"ix":3},"sk":{"a":0,"k":0,"ix":4},"p":{"a":0,"k":[3063.33,2104.229],"ix":2},"r":{"a":0,"k":0,"ix":6},"sa":{"a":0,"k":0,"ix":5},"o":{"a":0,"k":100,"ix":7}}]},{"ty":"gr","bm":0,"cl":"","ln":"","hd":false,"mn":"ADBE Vector Group","nm":"Group 4","ix":4,"cix":2,"np":4,"it":[{"ty":"sh","bm":0,"cl":"","ln":"","hd":false,"mn":"ADBE Vector Shape - Group","nm":"Path 1","ix":1,"d":1,"ks":{"a":0,"k":{"c":true,"i":[[106.197,-68.799],[0,0],[0,0],[-38.2,-24.696]],"o":[[0,0],[0,0],[65.021,-42.167],[62.378,40.278]],"v":[[9.964,118.356],[-49.533,26.561],[-116.16,-76.189],[45.614,-91.724]]},"ix":2}},{"ty":"fl","bm":0,"cl":"","ln":"","hd":false,"mn":"ADBE Vector Graphic - Fill","nm":"Fill 1","c":{"a":0,"k":[0.3765,0.3294,0.4824],"ix":4},"r":1,"o":{"a":0,"k":100,"ix":5}},{"ty":"tr","a":{"a":0,"k":[0,0],"ix":1},"s":{"a":0,"k":[100,100],"ix":3},"sk":{"a":0,"k":0,"ix":4},"p":{"a":0,"k":[3045.97,2090.913],"ix":2},"r":{"a":0,"k":0,"ix":6},"sa":{"a":0,"k":0,"ix":5},"o":{"a":0,"k":100,"ix":7}}]}],"ind":7},{"ty":4,"nm":"Ear R Outlines","mn":"","sr":1,"st":0,"op":120,"ip":0,"hd":false,"cl":"","ln":"","ddd":0,"bm":0,"tt":0,"hasMask":false,"td":0,"ao":0,"ks":{"a":{"a":0,"k":[1996.296,1766.667,0],"ix":1},"s":{"a":0,"k":[27,27,100],"ix":6},"sk":{"a":0,"k":0},"p":{"a":1,"k":[{"o":{"x":0.228,"y":0},"i":{"x":0.586,"y":1},"s":[539,477,0],"t":0},{"o":{"x":0.312,"y":0},"i":{"x":0.656,"y":1},"s":[536,481,0],"t":60},{"o":{"x":0.167,"y":0.167},"i":{"x":0.833,"y":0.833},"s":[539,477,0],"t":120}],"ix":2},"sa":{"a":0,"k":0},"o":{"a":0,"k":100,"ix":11},"r":{"a":1,"k":[{"o":{"x":0.2,"y":0},"i":{"x":0.6,"y":1},"s":[-6],"t":0},{"o":{"x":0.2,"y":0},"i":{"x":0.6,"y":1},"s":[4],"t":60},{"o":{"x":0.167,"y":0.167},"i":{"x":0.833,"y":0.833},"s":[-6],"t":120}],"ix":10}},"ef":[],"shapes":[{"ty":"gr","bm":0,"cl":"","ln":"","hd":false,"mn":"ADBE Vector Group","nm":"Group 1","ix":1,"cix":2,"np":4,"it":[{"ty":"sh","bm":0,"cl":"","ln":"","hd":false,"mn":"ADBE Vector Shape - Group","nm":"Path 1","ix":1,"d":1,"ks":{"a":0,"k":{"c":true,"i":[[118.425,-52.116],[0,0],[57.577,90.403]],"o":[[0,0],[100.677,-135.33],[5.692,103.333]],"v":[[-103.417,86.318],[25.021,177.698],[61.986,-177.7]]},"ix":2}},{"ty":"fl","bm":0,"cl":"","ln":"","hd":false,"mn":"ADBE Vector Graphic - Fill","nm":"Fill 1","c":{"a":0,"k":[0,0,0.4471],"ix":4},"r":1,"o":{"a":0,"k":100,"ix":5}},{"ty":"tr","a":{"a":0,"k":[0,0],"ix":1},"s":{"a":0,"k":[100,100],"ix":3},"sk":{"a":0,"k":0,"ix":4},"p":{"a":0,"k":[2179.942,1756.275],"ix":2},"r":{"a":0,"k":0,"ix":6},"sa":{"a":0,"k":0,"ix":5},"o":{"a":0,"k":100,"ix":7}}]},{"ty":"gr","bm":0,"cl":"","ln":"","hd":false,"mn":"ADBE Vector Group","nm":"Group 2","ix":2,"cix":2,"np":4,"it":[{"ty":"sh","bm":0,"cl":"","ln":"","hd":false,"mn":"ADBE Vector Shape - Group","nm":"Path 1","ix":1,"d":1,"ks":{"a":0,"k":{"c":true,"i":[[4.961,-0.002],[2.913,2.166],[-5.356,7.199],[27.802,55.535],[92.095,0.271],[0.229,0],[53.572,-105.446],[8,4.065],[-4.065,7.998],[-107.41,0],[-0.264,-0.002],[-47.771,-95.418],[86.016,-115.642]],"o":[[-3.372,0],[-7.2,-5.356],[107.376,-144.361],[-42.332,-84.55],[-0.229,-0.003],[-96.121,0],[-4.065,7.998],[-8.001,-4.063],[58.535,-115.22],[0.261,0],[104.246,0.308],[53.003,105.869],[-3.188,4.287]],"v":[[166.586,256.344],[156.901,253.131],[153.561,230.397],[202.524,-84.218],[-18.761,-223.846],[-19.466,-223.849],[-251.549,-60.38],[-273.392,-53.253],[-280.518,-75.096],[-19.437,-256.344],[-18.663,-256.342],[231.581,-98.763],[179.635,249.791]]},"ix":2}},{"ty":"fl","bm":0,"cl":"","ln":"","hd":false,"mn":"ADBE Vector Graphic - Fill","nm":"Fill 1","c":{"a":0,"k":[0,0,0.4471],"ix":4},"r":1,"o":{"a":0,"k":100,"ix":5}},{"ty":"tr","a":{"a":0,"k":[0,0],"ix":1},"s":{"a":0,"k":[100,100],"ix":3},"sk":{"a":0,"k":0,"ix":4},"p":{"a":0,"k":[2038.369,1693.89],"ix":2},"r":{"a":0,"k":0,"ix":6},"sa":{"a":0,"k":0,"ix":5},"o":{"a":0,"k":100,"ix":7}}]},{"ty":"gr","bm":0,"cl":"","ln":"","hd":false,"mn":"ADBE Vector Group","nm":"Group 3","ix":3,"cix":2,"np":4,"it":[{"ty":"sh","bm":0,"cl":"","ln":"","hd":false,"mn":"ADBE Vector Shape - Group","nm":"Path 1","ix":1,"d":1,"ks":{"a":0,"k":{"c":true,"i":[[142.134,-279.726],[0,0],[-74.062,-182.994]],"o":[[0,0],[137.582,-238.012],[-51.449,-215.364]],"v":[[-251.86,69.728],[-228.497,86.348],[251.859,102.621]]},"ix":2}},{"ty":"fl","bm":0,"cl":"","ln":"","hd":false,"mn":"ADBE Vector Graphic - Fill","nm":"Fill 1","c":{"a":0,"k":[1,1,1],"ix":4},"r":1,"o":{"a":0,"k":100,"ix":5}},{"ty":"tr","a":{"a":0,"k":[0,0],"ix":1},"s":{"a":0,"k":[100,100],"ix":3},"sk":{"a":0,"k":0,"ix":4},"p":{"a":0,"k":[2024.188,1556.41],"ix":2},"r":{"a":0,"k":0,"ix":6},"sa":{"a":0,"k":0,"ix":5},"o":{"a":0,"k":100,"ix":7}}]},{"ty":"gr","bm":0,"cl":"","ln":"","hd":false,"mn":"ADBE Vector Group","nm":"Group 4","ix":4,"cix":2,"np":4,"it":[{"ty":"sh","bm":0,"cl":"","ln":"","hd":false,"mn":"ADBE Vector Shape - Group","nm":"Path 1","ix":1,"d":1,"ks":{"a":0,"k":{"c":false,"i":[[0,0],[272.583,-366.475]],"o":[[194.783,-383.394],[0,0]],"v":[[-352.607,37.78],[80.024,345.613]]},"ix":2}},{"ty":"fl","bm":0,"cl":"","ln":"","hd":false,"mn":"ADBE Vector Graphic - Fill","nm":"Fill 1","c":{"a":0,"k":[0.3765,0.3294,0.4824],"ix":4},"r":1,"o":{"a":0,"k":100,"ix":5}},{"ty":"tr","a":{"a":0,"k":[0,0],"ix":1},"s":{"a":0,"k":[100,100],"ix":3},"sk":{"a":0,"k":0,"ix":4},"p":{"a":0,"k":[2124.942,1588.37],"ix":2},"r":{"a":0,"k":0,"ix":6},"sa":{"a":0,"k":0,"ix":5},"o":{"a":0,"k":100,"ix":7}}]}],"ind":8},{"ty":4,"nm":"Ear L Outlines","mn":"","sr":1,"st":0,"op":120,"ip":0,"hd":false,"cl":"","ln":"","ddd":0,"bm":0,"tt":0,"hasMask":false,"td":0,"ao":0,"ks":{"a":{"a":0,"k":[1040.741,1996.296,0],"ix":1},"s":{"a":0,"k":[27,27,100],"ix":6},"sk":{"a":0,"k":0},"p":{"a":1,"k":[{"o":{"x":0.228,"y":0},"i":{"x":0.586,"y":1},"s":[281,539,0],"t":0},{"o":{"x":0.312,"y":0},"i":{"x":0.656,"y":1},"s":[286,542,0],"t":60},{"o":{"x":0.167,"y":0.167},"i":{"x":0.833,"y":0.833},"s":[281,539,0],"t":120}],"ix":2},"sa":{"a":0,"k":0},"o":{"a":0,"k":100,"ix":11},"r":{"a":1,"k":[{"o":{"x":0.2,"y":0},"i":{"x":0.6,"y":1},"s":[6],"t":0},{"o":{"x":0.2,"y":0},"i":{"x":0.6,"y":1},"s":[-4],"t":60},{"o":{"x":0.167,"y":0.167},"i":{"x":0.833,"y":0.833},"s":[6],"t":120}],"ix":10}},"ef":[],"shapes":[{"ty":"gr","bm":0,"cl":"","ln":"","hd":false,"mn":"ADBE Vector Group","nm":"Group 1","ix":1,"cix":2,"np":4,"it":[{"ty":"sh","bm":0,"cl":"","ln":"","hd":false,"mn":"ADBE Vector Shape - Group","nm":"Path 1","ix":1,"d":1,"ks":{"a":0,"k":{"c":true,"i":[[5.803,0],[2.439,1.303],[1.284,112.27],[-93.064,52.541],[-105.423,-65.261],[4.722,-7.629],[7.627,4.716],[90.613,-51.157],[-0.996,-87.083],[-123.596,-66.096],[4.231,-7.912]],"o":[[-2.586,0],[-134.528,-71.941],[-1.133,-98.938],[101.252,-57.158],[7.629,4.724],[-4.726,7.632],[-95.042,-58.841],[-82.739,46.712],[1.143,99.88],[7.915,4.234],[-2.927,5.474]],"v":[[-23.298,295.161],[-30.945,293.24],[-241.552,7.576],[-92.514,-238.003],[232.7,-225.249],[237.964,-202.881],[215.595,-197.617],[-76.539,-209.705],[-209.06,7.202],[-15.622,264.582],[-8.956,286.572]]},"ix":2}},{"ty":"fl","bm":0,"cl":"","ln":"","hd":false,"mn":"ADBE Vector Graphic - Fill","nm":"Fill 1","c":{"a":0,"k":[0,0,0.4471],"ix":4},"r":1,"o":{"a":0,"k":100,"ix":5}},{"ty":"tr","a":{"a":0,"k":[0,0],"ix":1},"s":{"a":0,"k":[100,100],"ix":3},"sk":{"a":0,"k":0,"ix":4},"p":{"a":0,"k":[976.754,1972.245],"ix":2},"r":{"a":0,"k":0,"ix":6},"sa":{"a":0,"k":0,"ix":5},"o":{"a":0,"k":100,"ix":7}}]},{"ty":"gr","bm":0,"cl":"","ln":"","hd":false,"mn":"ADBE Vector Group","nm":"Group 2","ix":2,"cix":2,"np":4,"it":[{"ty":"sh","bm":0,"cl":"","ln":"","hd":false,"mn":"ADBE Vector Shape - Group","nm":"Path 1","ix":1,"d":1,"ks":{"a":0,"k":{"c":true,"i":[[-94.923,-224.955],[-227.981,-115.06],[0,0]],"o":[[-44.747,-202.784],[0,0],[-252.347,-156.198]],"v":[[-205.422,179.897],[210.845,-102.555],[224.739,-130.103]]},"ix":2}},{"ty":"fl","bm":0,"cl":"","ln":"","hd":false,"mn":"ADBE Vector Graphic - Fill","nm":"Fill 1","c":{"a":0,"k":[1,1,1],"ix":4},"r":1,"o":{"a":0,"k":100,"ix":5}},{"ty":"tr","a":{"a":0,"k":[0,0],"ix":1},"s":{"a":0,"k":[100,100],"ix":3},"sk":{"a":0,"k":0,"ix":4},"p":{"a":0,"k":[976.164,1890.915],"ix":2},"r":{"a":0,"k":0,"ix":6},"sa":{"a":0,"k":0,"ix":5},"o":{"a":0,"k":100,"ix":7}}]},{"ty":"gr","bm":0,"cl":"","ln":"","hd":false,"mn":"ADBE Vector Group","nm":"Group 3","ix":3,"cix":2,"np":4,"it":[{"ty":"sh","bm":0,"cl":"","ln":"","hd":false,"mn":"ADBE Vector Shape - Group","nm":"Path 1","ix":1,"d":1,"ks":{"a":0,"k":{"c":false,"i":[[0,0],[-436.428,-233.385]],"o":[[-324.971,-201.183],[0,0]],"v":[[341.931,-144.58],[94.497,345.763]]},"ix":2}},{"ty":"fl","bm":0,"cl":"","ln":"","hd":false,"mn":"ADBE Vector Graphic - Fill","nm":"Fill 1","c":{"a":0,"k":[0.3765,0.3294,0.4824],"ix":4},"r":1,"o":{"a":0,"k":100,"ix":5}},{"ty":"tr","a":{"a":0,"k":[0,0],"ix":1},"s":{"a":0,"k":[100,100],"ix":3},"sk":{"a":0,"k":0,"ix":4},"p":{"a":0,"k":[858.972,1905.393],"ix":2},"r":{"a":0,"k":0,"ix":6},"sa":{"a":0,"k":0,"ix":5},"o":{"a":0,"k":100,"ix":7}}]}],"ind":9},{"ty":4,"nm":"BG Outlines","mn":"","sr":1,"st":0,"op":120,"ip":0,"hd":false,"cl":"","ln":"","ddd":0,"bm":0,"tt":0,"hasMask":false,"td":0,"ao":0,"ks":{"a":{"a":0,"k":[2000,2000,0],"ix":1},"s":{"a":0,"k":[27,27,100],"ix":6},"sk":{"a":0,"k":0},"p":{"a":0,"k":[540,540,0],"ix":2},"sa":{"a":0,"k":0},"o":{"a":0,"k":100,"ix":11},"r":{"a":0,"k":0,"ix":10}},"ef":[],"shapes":[{"ty":"gr","bm":0,"cl":"","ln":"","hd":false,"mn":"ADBE Vector Group","nm":"Group 1","ix":1,"cix":2,"np":2,"it":[{"ty":"sh","bm":0,"cl":"","ln":"","hd":false,"mn":"ADBE Vector Shape - Group","nm":"Path 1","ix":1,"d":1,"ks":{"a":0,"k":{"c":true,"i":[[0,0],[0,0],[0,0],[0,0]],"o":[[0,0],[0,0],[0,0],[0,0]],"v":[[-2000,2000],[2000,2000],[2000,-2000],[-2000,-2000]]},"ix":2}},{"ty":"fl","bm":0,"cl":"","ln":"","hd":false,"mn":"ADBE Vector Graphic - Fill","nm":"Fill 1","c":{"a":0,"k":[1,1,1],"ix":4},"r":1,"o":{"a":0,"k":100,"ix":5}},{"ty":"tr","a":{"a":0,"k":[0,0],"ix":1},"s":{"a":0,"k":[100,100],"ix":3},"sk":{"a":0,"k":0,"ix":4},"p":{"a":0,"k":[2000,2000],"ix":2},"r":{"a":0,"k":0,"ix":6},"sa":{"a":0,"k":0,"ix":5},"o":{"a":0,"k":100,"ix":7}}]}],"ind":10}],"ddd":0,"h":1080,"w":1080,"meta":{"a":"","k":"","d":"","g":"@lottiefiles/toolkit-js 0.21.1","tc":"#ffffff"},"v":"5.6.4","fr":60,"op":120,"ip":0,"fonts":{"list":[{"ascent":84.6078491210938,"fClass":"","fFamily":"Helvetica Rounded LT Std","fName":"HelveticaRoundedLTStd-BdCn","fStyle":"Bold Condensed","fPath":"","fWeight":"","origin":0}]},"chars":[{"ch":"Z","fFamily":"Helvetica Rounded LT Std","size":68,"style":"Bold Condensed","w":51.9,"data":{"shapes":[{"ty":"gr","bm":0,"cl":"","ln":"","hd":false,"mn":"ADBE Vector Group","nm":"Z","ix":1,"cix":2,"np":3,"it":[{"ty":"sh","bm":0,"cl":"","ln":"","hd":false,"mn":"ADBE Vector Shape - Group","nm":"Z","ix":1,"d":1,"ks":{"a":0,"k":{"c":true,"i":[[0,0],[0,0],[0,-1.813],[-4.733,0],[0,0],[0,3.424],[5.035,0],[0,0],[0,0],[0,2.014],[4.532,0],[0,0],[0,-3.424],[-5.035,0]],"o":[[0,0],[-1.813,3.122],[0,2.921],[0,0],[5.035,0],[0,-3.424],[0,0],[0,0],[1.712,-2.82],[0,-4.028],[0,0],[-5.035,0],[0,3.424],[0,0]],"v":[[31.924,-60.425],[4.532,-12.488],[2.316,-6.345],[9.366,0],[42.902,0],[49.951,-6.042],[42.902,-12.085],[19.235,-12.085],[46.729,-59.418],[49.246,-66.568],[42.096,-72.51],[11.078,-72.51],[4.028,-66.467],[11.078,-60.425]]},"ix":2}}]}]}}],"assets":[]}